Сырые данные изданий ЦСК и УГВИ без коррекции (кроме опечаток выявленных по перекрёстным суммам), 
без слияния крупных городов с губерниями, в которых они находились, 
и без слияния губерний и областей образованных после 1897 года с губерниями, из которых они были выделены. 

Структура строки:

- год

- ЦСК: численность населения на начало года по ЦСК

- УГВИ: 
-- численность населения на начало года по УГВИ
-- рождаемость (вычислена из числа рождений и численности населения по УГВИ)
-- смертность (вычислена  из числа смертей и численности населения по УГВИ)
-- естественный прирост (вычислен из рождаемости и смертности)
-- число рождений (по УГВИ)
-- число смертей (по УГВИ)

- сальдо миграции (из данных о миграции, не по ЦСК или УГВИ)

- метка (звёздочка), если год входит в стабилизированный участок

Рождаемость и смертность нормированы на население начала года.

Выборгская губерния не содержится в изданиях ЦСК и УГВИ.
Для Выборгской губернии данные получены по финским сведениям о населении, числе рождений, смертей и миграции.

***************************************************************************************

Акмолинская обл.

год       ЦСК             УГВИ                 чр      чс    мигр  
==== =========== ========================================== =======
1881                                         11,036   9,855          
1882                 460,363 29.3 25.7  3.6  13,478  11,825          
1883                 472,530 28.1 30.3 -2.1  13,288  14,297          
1884                 466,424 27.0 24.9  2.2  12,598  11,592          
1885                 463,052 27.2 18.1  9.1  12,609   8,390          
1886                 467,173 26.3 18.5  7.7  12,273   8,654          
1887                                         13,837   9,023          
1888                 480,874 30.3 21.5  8.9  14,591  10,324          
1889                 485,700 32.7 23.2  9.5  15,866  11,265          
1890                 500,174 30.7 20.7 10.0  15,344  10,343          
1891                 519,784 35.1 31.1  4.0  18,237  16,174          
1892                 602,654 24.5 23.7  0.7  14,752  14,311          
1893                 523,484 27.1 17.4  9.7  14,212   9,117          
1894                 547,931 28.6 17.9 10.7  15,644   9,801          
1895                 559,491 27.2 17.8  9.4  15,244   9,979          
1896                 556,302 31.9 22.1  9.8  17,731  12,299  40,610  
1897                 653,185 36.2 23.1 13.0  23,631  15,112  13,046  
1898                 688,306 31.3 19.5 11.8  21,539  13,435  18,758  
1899                 763,626 38.3 25.1 13.2  29,233  19,173  23,115  
1900                 734,729 41.9 28.6 13.3  30,761  20,984  18,766  
1901                 766,126 39.2 22.5 16.7  30,052  17,229   4,901  
1902                 800,936 35.9 19.8 16.1  28,790  15,891   5,346  
1903                 929,531 32.0 17.5 14.6  29,791  16,224   6,314  
1904     763,400     832,517 39.8 28.4 11.4  33,169  23,660   4,076  
1905     778,200     892,484 31.9 21.9 10.0  28,487  19,559  10,181  
1906     787,800     934,612 43.0 26.2 16.7  40,153  24,519  54,221  
1907     797,700     956,393 43.2 26.3 16.8  41,307  25,193  64,086  
1908     809,700     988,005 42.7 25.6 17.0  42,154  25,326 122,489  
1909     979,200   1,121,002 40.7 23.3 17.4  45,660  26,162  84,450  
1910   1,047,300   1,217,834 50.6 32.3 18.3  61,638  39,376  29,216 *
1911   1,064,000   1,443,721 43.3 25.7 17.6  62,539  37,060   2,660 *
1912   1,454,100   1,469,401 42.6 25.3 17.4  62,641  37,122   6,622 *
1913   1,491,900   1,495,669 42.2 25.1 17.1  63,079  37,525  29,019 *
1914   1,523,700   1,525,543 43.7 24.0 19.8  66,740  36,604  38,707 *
1915   1,546,500   1,555,679                                  4,266  
1916   1,565,900                                                     
1917   1,414,332                                                     

***************************************************************************************

Амурская обл.

год       ЦСК             УГВИ                 чр      чс    мигр  
==== =========== ========================================== =======
1881                                          1,751     929          
1882                  40,533 52.0 32.2 19.8   2,109   1,305          
1883                  42,132                                         
1884                  43,965                                         
1885                  43,965 43.3 30.1 13.2   1,903   1,322          
1886                  48,140                                         
1888                  63,221                                         
1889                  63,221                                         
1890                  63,221                                         
1891                  63,221                                         
1892                  63,221                                         
1893                  63,221 44.8 31.7 13.2   2,833   2,001          
1894                  59,076 53.3 36.9 16.4   3,147   2,180          
1895                  72,467 53.6 28.7 24.9   3,883   2,078          
1896                  81,356 47.0 27.0 20.0   3,820   2,194   1,869  
1897                  91,156 53.3 26.3 27.0   4,856   2,393   1,317  
1898                  92,296 42.8 22.1 20.7   3,951   2,042   3,930  
1899                  93,784 49.9 30.1 19.8   4,681   2,825   1,377  
1900                  96,103 51.9 35.5 16.3   4,983   3,412   6,725  
1901                 101,637 52.3 30.6 21.7   5,317   3,112   3,163  
1902                 104,165 60.2 33.4 26.8   6,272   3,476   7,421  
1903                 111,351 55.0 25.7 29.3   6,126   2,861   3,682  
1904     139,000     124,271 55.7 24.6 31.1   6,918   3,056    -199  
1905     143,700     126,688 52.3 27.7 24.7   6,630   3,505      22  
1906     148,700     130,032 55.1 25.9 29.1   7,160   3,370   4,590  
1907     154,200     134,166 59.2 48.0 11.2   7,945   6,444  16,910  
1908     160,400     154,636 56.3 30.5 25.8   8,704   4,721   8,946  
1909     195,200     157,272 53.1 33.2 19.9   8,351   5,226  22,417  
1910     217,700     198,860 54.0 33.9 20.0  10,730   6,747  17,794  
1911     230,200     198,511 62.7 33.5 29.3  12,455   6,645   4,235  
1912     230,200     268,743 46.4 26.7 19.7  12,475   7,183   6,156  
1913     241,100     276,914 46.0 19.5 26.6  12,741   5,386   7,715  
1914     250,400     321,794 51.5 24.0 27.4  16,557   7,725  14,699  
1915     261,500     320,202                                 -1,121  
1916     269,500                                                     
1917     272,283                                                     

***************************************************************************************

Архангельская

год       ЦСК             УГВИ                 чр      чс    мигр  
==== =========== ========================================== =======
1881                                         11,556   8,324          
1882                 315,856 38.8 26.3 12.4  12,243   8,319          
1883                 315,367 40.7 27.7 13.0  12,822   8,720          
1884                 318,429 40.3 26.1 14.2  12,833   8,313          
1885                 327,442 40.2 33.4  6.8  13,149  10,931          
1886                 329,660 41.9 26.6 15.3  13,821   8,777          
1887                                         13,598   7,763          
1888                 340,251 37.4 23.6 13.9  12,733   8,018          
1889                 346,371 39.5 26.2 13.4  13,696   9,067          
1890                 351,000 39.1 29.4  9.7  13,729  10,318          
1891                 354,411 40.7 25.5 15.2  14,433   9,042          
1892                 359,802 35.9 26.5  9.4  12,924   9,524          
1893                 363,206 35.6 27.1  8.5  12,942   9,851          
1894                 350,597 38.2 29.8  8.4  13,377  10,439          
1895                 353,603 40.1 24.3 15.8  14,184   8,581          
1896                 359,206 37.8 27.1 10.7  13,568   9,720       0  
1897                 356,752 41.4 23.8 17.5  14,759   8,506       7  
1898                 358,362 41.4 23.0 18.4  14,849   8,254       6  
1899                 360,802 42.0 23.9 18.1  15,171   8,640       5  
1900                 365,444 39.8 33.1  6.7  14,533  12,090       1  
1901                 367,887 41.9 37.2  4.7  15,403  13,674       3  
1902                 369,616 45.3 28.8 16.5  16,755  10,647      -2  
1903                 369,751 43.4 25.5 17.8  16,031   9,431       1  
1904     383,300     376,126 44.4 26.5 18.0  16,712   9,960      -1  
1905     389,800     389,492 39.2 25.3 14.0  15,277   9,835      -7  
1906     394,900     389,492 43.6 25.6 18.0  16,969   9,962     -16  
1907     401,700     394,934 45.9 24.8 21.1  18,134   9,799       0  
1908     413,500     401,941 43.1 27.8 15.3  17,320  11,186       7  
1909     426,200     410,435 44.9 29.9 15.0  18,444  12,280       4  
1910     437,800     416,569 46.0 27.4 18.7  19,177  11,405      -9  
1911     449,400     436,624 45.0 25.5 19.5  19,639  11,127       3  
1912     462,500     448,167 44.9 26.8 18.1  20,130  12,003       3  
1913     473,500     458,990 43.7 27.4 16.3  20,075  12,592       1  
1914     483,500     469,845 44.0 28.9 15.1  20,696  13,587      -5  
1915     505,700     480,074                                     -3  
1916     513,600                                                     
1917     474,061                                                     

***************************************************************************************

Астраханская

год       ЦСК             УГВИ                 чр      чс    мигр  
==== =========== ========================================== =======
1881                                         23,319  13,803          
1882                 766,840 33.5 22.4 11.1  25,684  17,155          
1883                 790,338 31.5 28.8  2.7  24,929  22,757          
1884                 790,880 37.4 25.5 11.9  29,595  20,152          
1885                 793,052                                         
1886                                         27,977  18,889          
1896                                         33,279  22,014     -40  
1897                 993,316 34.5 21.5 13.0  34,294  21,379      19  
1898                 978,208 37.4 23.2 14.2  36,582  22,716       1  
1899                 981,777 34.8 21.9 12.9  34,185  21,487     -31  
1900               1,009,138 36.3 23.1 13.1  36,582  23,345     -28  
1901               1,017,199 36.2 23.1 13.1  36,788  23,481      23  
1902               1,064,318 35.9 26.9  9.0  38,229  28,639     -11  
1903               1,062,937 36.5 22.1 14.4  38,816  23,524      -6  
1904   1,125,700   1,062,937 41.1 24.4 16.6  43,645  25,980     -27  
1905   1,146,700   1,156,217 34.0 24.7  9.3  39,318  28,600     -83  
1906   1,155,400   1,169,448 38.8 25.5 13.4  45,406  29,793    -308  
1907   1,177,500   1,191,197 39.1 28.0 11.0  46,540  33,399    -480  
1908   1,214,500   1,207,649 39.6 28.1 11.5  47,797  33,915      16  
1909   1,230,300   1,241,432 38.4 26.9 11.5  47,704  33,425     -53  
1910   1,246,000   1,281,626 37.9 25.2 12.7  48,528  32,235     -76  
1911   1,262,000   1,307,313 36.1 23.6 12.4  47,137  30,872     -64  
1912   1,279,400   1,336,872 36.5 21.4 15.0  48,755  28,647    -654  
1913   1,297,300   1,336,343 37.5 22.5 15.0  50,086  30,059     -14  
1914   1,315,900   1,347,837 38.8 21.6 17.2  52,352  29,166       1  
1915   1,427,500   1,439,827                                      1  
1916   1,480,800                                                     
1917   1,296,093                                                     

***************************************************************************************

Астраханская (кочевники)

год       ЦСК             УГВИ                 чр      чс    мигр  
==== =========== ========================================== =======
1886                 347,512                                         
1888                 360,000                                         
1889                 355,046                                         
1890                 356,000                                         
1891                 361,499                                         
1892                 351,590  8.0  9.2 -1.2   2,805   3,236          
1893                 392,136  6.2  6.2  0.0   2,433   2,414          
1894                 394,772                                         
1895                 406,935  5.2  2.6  2.7   2,129   1,050          
1896                 407,823                                      0  

***************************************************************************************

Астраханская (оседлое население)

год       ЦСК             УГВИ                 чр      чс    мигр  
==== =========== ========================================== =======
1885                                         27,977  17,889          
1886                 448,100                                         
1887                                         27,026  17,471          
1888                 572,539 46.9 33.9 13.0  26,860  19,429          
1889                 478,230 61.7 43.5 18.2  29,504  20,801          
1890                 479,980 61.3 45.0 16.3  29,427  21,582          
1891                 517,492 60.3 47.0 13.2  31,185  24,330          
1892                 534,256 53.9 77.9 -24.0  28,798  41,608          
1893                 531,805 58.3 42.4 15.9  31,002  22,568          
1894                 540,239 56.2 40.2 16.0  30,358  21,731          
1895                 565,877 57.2 41.2 15.9  32,340  23,323          
1896                 571,715                                    -40  

***************************************************************************************

Бакинская

год       ЦСК             УГВИ                 чр      чс    мигр  
==== =========== ========================================== =======
1886                                         20,416  18,215          
1887                                         17,399  11,940          
1888                 744,930 25.7 22.3  3.3  19,110  16,636          
1889                 749,089 22.4 19.8  2.6  16,790  14,838          
1890                 797,329 28.8 24.4  4.4  22,979  19,460          
1891                 735,626 29.2 27.0  2.2  21,497  19,879          
1892                 881,926 17.8 28.6 -10.7  15,741  25,201          
1893                 790,782 18.7 14.6  4.2  14,809  11,510          
1894                 779,303 26.1 17.9  8.2  20,325  13,920          
1895                 746,756 22.9 16.9  6.0  17,107  12,644          
1896                 817,571 22.1 17.5  4.5  18,040  14,331     -13  
1897                 844,798 23.9 17.3  6.6  20,222  14,622      32  
1898                 882,539 22.8 16.4  6.4  20,107  14,435      19  
1899                 912,852 26.8 21.2  5.6  24,466  19,372     -10  
1900                 943,220 30.7 19.3 11.4  28,968  18,186     -48  
1901                 977,624 29.3 17.9 11.3  28,616  17,527     -26  
1902                 998,560 25.7 19.0  6.7  25,656  18,960     -65  
1903               1,002,461 28.6 14.9 13.6  28,650  14,972    -119  
1904               1,015,833 26.4 17.7  8.7  26,831  17,991    -189  
1905               1,059,968 28.7 20.4  8.3  30,426  21,661    -302  
1906               1,123,136 20.2 16.8  3.4  22,668  18,832    -446  
1907               1,078,250 24.9 18.0  6.9  26,891  19,453    -217  
1908                 974,526 22.0 16.9  5.1  21,394  16,422    -101  
1909                 763,706 25.2 18.5  6.6  19,209  14,158     -66  
1910                 758,127 22.8 21.9  0.9  17,273  16,585    -184  
1911                 770,562 28.3 19.7  8.6  21,806  15,170    -111  
1912                 791,563 24.7 18.2  6.5  19,577  14,407    -124  
1913                 805,402 26.7 19.1  7.6  21,516  15,397    -181  
1914                 819,378 25.0 17.6  7.4  20,509  14,405    -154  
1915                 855,465                                    -35  

***************************************************************************************

Батумская

год       ЦСК             УГВИ                 чр      чс    мигр  
==== =========== ========================================== =======
1903                                          3,874   2,477       0  
1904     152,900     161,591 25.1 13.2 11.9   4,058   2,132       0  
1905     155,800     153,298 18.7 12.0  6.6   2,860   1,841       0  
1906     157,300     161,202 26.6 14.6 12.0   4,285   2,352       0  
1907     158,600     165,332 23.0 14.2  8.8   3,808   2,349       0  
1908     160,500     156,465 27.0 17.8  9.2   4,229   2,782       0  
1909     162,300     159,434 28.5 20.3  8.2   4,536   3,234       0  
1910     164,300     160,009 28.6 17.3 11.3   4,577   2,774       0  
1911     166,300     165,697 23.1 15.9  7.2   3,821   2,635       0  
1912     168,500     166,552 25.1 11.8 13.3   4,177   1,967       0  
1913     171,200     176,860 26.6 11.7 14.8   4,702   2,078       1  
1914     183,100     176,366 10.4  4.5  5.9   1,839     791       0  
1915     186,000     183,100                                      0  
1916     188,200                                                  2  
1917     194,769                                                  0  

***************************************************************************************

Бессарабская

год       ЦСК             УГВИ                 чр      чс    мигр  
==== =========== ========================================== =======
1881                                         65,021  32,486          
1882               1,365,307 48.4 32.5 15.9  66,107  44,437          
1883               1,419,762 46.9 28.6 18.3  66,550  40,626          
1884               1,369,075 50.8 28.9 21.8  69,484  39,620          
1885               1,424,115 51.3 31.5 19.8  73,005  44,873          
1886               1,452,457 43.7 24.4 19.3  63,403  35,411          
1887                                         75,610  42,333          
1888               1,588,329 46.0 27.5 18.5  73,064  43,634          
1889               1,525,804 47.3 27.5 19.8  72,181  41,922          
1890               1,555,963 48.0 32.7 15.3  74,644  50,841          
1891               1,579,766 50.2 33.4 16.8  79,325  52,782          
1892               1,606,309 47.6 39.0  8.6  76,427  62,590          
1893               1,622,286 45.5 32.2 13.3  73,854  52,208          
1894               1,705,981 51.7 28.9 22.8  88,202  49,348          
1895               1,796,420 44.8 27.7 17.1  80,492  49,718          
1896               1,827,194 46.1 29.1 17.0  84,232  53,255    -936  
1897               1,936,403 43.5 24.8 18.7  84,259  48,010     906  
1898               1,966,905 42.9 24.2 18.7  84,344  47,529   1,283  
1899               1,971,225 48.1 29.2 19.0  94,910  57,529    -438  
1900               2,043,871 44.2 22.6 21.7  90,418  46,106    -504  
1901               2,087,238 42.1 22.3 19.8  87,790  46,442     -77  
1902               2,142,537 45.1 25.9 19.3  96,673  55,423    -329  
1903               2,124,487 44.7 25.1 19.7  94,984  53,236  -2,202  
1904   2,195,200   2,183,638 42.7 24.3 18.5  93,334  53,016  -2,787  
1905   2,236,900   2,182,421 38.8 27.4 11.3  84,571  59,875  -8,479  
1906   2,262,400   2,209,627 43.0 25.2 17.9  95,090  55,638 -20,686  
1907   2,302,100   2,278,351 47.0 26.3 20.7 107,195  59,964  -9,535  
1908   2,344,800   2,317,803 43.8 26.5 17.3 101,525  61,388  -7,030  
1909   2,393,100   2,365,034 44.7 26.4 18.3 105,681  62,498  -8,460  
1910   2,441,200   2,405,171 42.2 32.2 10.1 101,544  77,356 -10,377  
1911   2,490,200   2,448,354 40.3 30.3  9.9  98,624  74,293   1,985  
1912   2,538,900   2,472,542 40.4 31.1  9.3  99,924  76,862  -3,537  
1913   2,588,400   2,448,642 41.0 31.3  9.7 100,432  76,687  -6,742  
1914   2,657,300   2,472,605 31.3 16.4 14.9  77,341  40,566  -6,430  
1915   2,686,600   1,874,551                                   -246  
1916   2,698,600                                                     
1917   2,695,504                                                     

***************************************************************************************

Варшавская

год       ЦСК             УГВИ                 чр      чс    мигр  
==== =========== ========================================== =======
1881                                         34,032  24,096          
1882                 906,039 37.6 26.6 11.0  34,032  24,096          
1883                 906,039 41.8 26.5 15.4  37,879  23,967          
1884                 940,998 39.8 23.7 16.1  37,449  22,310          
1885                 956,137 57.9 38.7 19.2  55,390  37,037          
1886               1,403,591 29.4 16.0 13.4  41,275  22,498          
1887                                         42,824  23,052          
1888               1,015,957 42.9 25.4 17.5  43,631  25,802          
1889               1,030,571 41.0 25.9 15.1  42,272  26,734          
1890                 983,564 41.7 26.9 14.9  41,044  26,410          
1891               1,043,412 43.8 25.0 18.8  45,719  26,121          
1892               1,063,010 39.6 28.3 11.3  42,088  30,040          
1893               1,096,542 39.3 24.4 14.9  43,114  26,810          
1894               1,112,646 54.7 34.3 20.4  60,832  38,126          
1895               1,425,406 39.9 21.9 18.0  56,921  31,272          
1896               1,282,799 42.2 30.3 12.0  54,189  38,854     437  
1897               1,335,924 42.3 23.1 19.2  56,481  30,818   1,514  
1898               1,596,926 33.4 25.4  8.0  53,338  40,543     715  
1899               1,630,866 30.0 23.2  6.9  48,994  37,781     803  
1900               1,663,788 33.7 23.2 10.5  56,060  38,527    -495  
1901               1,703,092 34.3 22.3 12.0  58,452  38,019    -122  
1902               1,733,899 38.4 23.0 15.3  66,519  39,911  -2,398  
1903               1,583,822 41.5 23.0 18.5  65,676  36,390  -3,036  
1904               1,591,555 39.2 23.2 16.0  62,418  36,984  -5,000  
1905               1,699,345 31.7 20.1 11.7  53,918  34,115  -8,204  
1906               1,613,363 34.9 20.5 14.4  56,333  33,037 -12,431  
1907               1,742,489 32.2 18.6 13.7  56,195  32,361  -5,983  
1908               1,690,340 34.1 17.4 16.6  57,561  29,484  -2,500  
1909               1,757,843 32.2 19.1 13.1  56,595  33,596  -3,355  
1910               1,812,825 32.8 17.9 14.9  59,441  32,363  -9,148  
1911               1,907,499 30.7 18.0 12.7  58,496  34,259  -3,823  
1912               1,846,549 30.5 17.1 13.4  56,338  31,645  -7,203  
1913               1,688,596                                 -9,048  
1914               1,817,500                                 -4,682  

***************************************************************************************

Виленская

год       ЦСК             УГВИ                 чр      чс    мигр  
==== =========== ========================================== =======
1881                                         47,455  37,393          
1882               1,181,798 42.7 29.5 13.3  50,504  34,822          
1883               1,204,746 41.6 23.4 18.2  50,105  28,151          
1884               1,223,262 38.8 23.8 15.0  47,506  29,154          
1885               1,238,041 41.1 29.1 12.0  50,865  35,978          
1886               1,249,208 43.1 24.9 18.2  53,794  31,117          
1887                                         53,172  36,156          
1888               1,304,788 42.0 25.6 16.4  54,761  33,408          
1889               1,309,304 42.3 26.2 16.2  55,422  34,246          
1890               1,335,623 44.0 24.4 19.6  58,709  32,542          
1891               1,361,850 43.9 24.9 19.0  59,742  33,850          
1892               1,387,742 41.3 29.6 11.8  57,379  41,040          
1893               1,373,416 46.1 28.7 17.3  63,257  39,479          
1894               1,397,550 47.8 31.1 16.7  66,759  43,413          
1895               1,420,666 43.9 23.5 20.4  62,312  33,373          
1896               1,449,457 44.2 25.0 19.3  64,089  36,177  -2,222  
1897               1,591,912 39.2 23.4 15.8  62,405  37,281  -1,878  
1898               1,615,109 39.6 24.4 15.1  63,916  39,466  -6,887  
1899               1,696,554 36.2 22.6 13.6  61,470  38,347  -5,116  
1900               1,718,349 37.5 22.6 14.9  64,443  38,837  -6,980  
1901               1,720,832 37.0 23.9 13.1  63,745  41,141  -5,750  
1902               1,752,165 37.6 21.5 16.1  65,960  37,693  -7,377  
1903               1,766,727 33.3 23.6  9.7  58,883  41,764  -9,235  
1904   1,770,300   1,773,978 35.3 22.6 12.6  62,559  40,178  -7,192  
1905   1,787,100   1,787,082 32.0 21.8 10.2  57,156  38,953  -8,438  
1906   1,806,300   1,814,955 34.4 19.9 14.6  62,499  36,059 -11,036  
1907   1,832,900   1,842,346 34.0 19.2 14.8  62,548  35,291 -15,795  
1908   1,861,200   1,869,593 31.0 18.4 12.6  57,963  34,335  -9,261  
1909   1,899,200   1,893,159 33.2 18.6 14.6  62,937  35,231  -8,222  
1910   1,926,900   1,898,089 30.7 19.5 11.2  58,191  36,923  -8,466  
1911   1,957,000   1,925,814 30.7 18.3 12.5  59,205  35,198  -7,118  
1912   1,989,900   1,938,783 32.2 18.0 14.3  62,505  34,870  -8,978  
1913   2,020,300   1,962,590 29.4 17.1 12.3  57,672  33,490 -10,667  
1914   2,075,900   1,961,411                                 -5,998  
1915   2,083,200   2,075,900                                   -485  
1916   2,083,200                                                     
1917   2,018,668                                                     

***************************************************************************************

Витебская

год       ЦСК             УГВИ                 чр      чс    мигр  
==== =========== ========================================== =======
1881                                         45,773  29,592          
1882               1,135,422 43.0 30.5 12.5  48,777  34,584          
1883               1,170,987 44.4 25.6 18.8  52,048  29,983          
1884               1,201,224 40.8 24.5 16.3  48,984  29,417          
1885               1,204,951 42.1 26.8 15.4  50,779  32,245          
1886               1,235,916 41.6 23.1 18.5  51,401  28,549          
1887                                         50,185  30,650          
1888               1,276,014 43.6 25.8 17.8  55,587  32,912          
1889               1,319,304 42.6 26.3 16.4  56,230  34,643          
1890               1,340,891 43.3 25.7 17.6  58,044  34,462          
1891               1,364,473 43.9 23.7 20.2  59,877  32,288          
1892               1,397,062 40.8 23.5 17.3  57,019  32,864          
1893               1,396,168 41.6 27.5 14.1  58,079  38,389          
1894               1,404,404 42.6 25.1 17.5  59,881  35,250          
1895               1,446,496 41.9 23.4 18.5  60,630  33,819          
1896               1,434,022 41.6 25.0 16.6  59,604  35,812  -6,650  
1897               1,502,895 40.8 23.2 17.6  61,339  34,876  -3,802  
1898               1,527,319 41.6 22.8 18.8  63,542  34,785  -7,863  
1899               1,518,746 42.5 23.0 19.5  64,516  34,923  -5,368  
1900               1,574,198 41.0 24.2 16.8  64,597  38,103  -8,275  
1901               1,600,692 39.8 25.6 14.3  63,757  40,903  -7,488  
1902               1,623,546 41.8 23.3 18.5  67,817  37,827  -7,676  
1903               1,653,536 34.9 25.7  9.2  57,726  42,480 -13,065  
1904   1,668,800   1,668,782 39.2 23.3 15.9  65,399  38,845  -3,402  
1905   1,695,300   1,668,782 34.9 24.5 10.4  58,265  40,958  -4,747  
1906   1,740,700   1,712,643 36.4 20.7 15.6  62,257  35,497 -12,600  
1907   1,767,700   1,739,403 38.2 19.6 18.6  66,531  34,159 -27,953  
1908   1,800,900   1,692,328 36.7 20.5 16.1  62,042  34,744 -26,540  
1909   1,818,100   1,799,071 35.3 20.6 14.7  63,540  37,115 -14,361  
1910   1,833,900   1,819,903 34.1 21.4 12.7  62,052  39,000  -7,178  
1911   1,850,700   1,849,316 34.2 17.5 16.7  63,306  32,412  -6,902  
1912   1,875,100   1,895,904 33.4 17.4 16.0  63,317  32,968  -5,874  
1913   1,895,700   1,920,772 33.6 17.9 15.7  64,596  34,425  -5,365  
1914   1,953,100   1,920,771 33.1 17.7 15.4  63,639  34,049  -4,589  
1915   1,984,800   1,883,636                                   -393  
1916   1,995,300                                                     
1917   1,864,884                                                     

***************************************************************************************

Владимирская

год       ЦСК             УГВИ                 чр      чс    мигр  
==== =========== ========================================== =======
1881                                         70,001  50,551          
1882               1,341,661 53.8 48.8  5.0  72,164  65,493          
1883               1,352,140 53.1 43.8  9.4  71,839  59,184          
1884               1,359,327 55.7 41.0 14.6  75,653  55,756          
1885               1,358,785 51.9 47.0  4.9  70,504  63,798          
1886               1,365,693 52.8 39.5 13.4  72,151  53,903          
1887                                         73,911  58,157          
1888               1,403,172 56.7 38.6 18.1  79,540  54,191          
1889               1,434,942 51.7 43.5  8.3  74,252  62,386          
1890               1,486,081 53.0 44.1  8.9  78,774  65,493          
1891               1,511,926 51.6 38.6 13.0  77,940  58,306          
1892               1,525,100 50.4 41.6  8.8  76,816  63,413          
1893               1,544,734 50.2 38.0 12.2  77,608  58,714          
1894               1,519,707 51.9 37.3 14.6  78,895  56,689          
1895               1,511,063 50.4 42.1  8.2  76,083  63,677          
1896               1,566,856 50.9 39.3 11.6  79,678  61,569     -58  
1897               1,670,730 50.0 34.9 15.2  83,596  58,226      53  
1898               1,694,156 46.9 36.7 10.2  79,414  62,156     -31  
1899               1,721,704 48.9 32.6 16.3  84,165  56,064    -131  
1900               1,765,761 45.7 33.5 12.2  80,698  59,104      -7  
1901               1,802,560 46.1 36.5  9.6  83,120  65,750     -21  
1902               1,832,612 47.2 32.8 14.4  86,466  60,159      41  
1903               1,869,546 46.1 33.6 12.6  86,246  62,767     -14  
1904   1,676,800   1,868,219 48.5 30.0 18.5  90,647  56,018      11  
1905   1,711,600   1,880,554 44.2 34.2  9.9  83,027  64,332     -44  
1906   1,730,400   1,902,702 44.7 31.6 13.1  85,117  60,163    -119  
1907   1,784,900   1,944,349 44.5 28.9 15.6  86,596  56,235    -225  
1908   1,845,500   1,974,713 43.3 30.2 13.1  85,563  59,626     -92  
1909   1,872,000   2,008,518 44.2 30.8 13.4  88,793  61,919    -158  
1910   1,895,900   2,050,527 42.5 29.8 12.7  87,201  61,142      16  
1911   1,918,200   2,072,806 42.8 26.9 15.9  88,813  55,812      -7  
1912   1,941,800   2,106,177 40.3 27.0 13.3  84,973  56,923     -45  
1913   1,966,500   2,221,241 40.7 27.2 13.5  90,305  60,397    -137  
1914   2,027,000   2,251,149 39.5 23.7 15.9  89,015  53,324       1  
1915   2,225,900   2,018,015                                     -6  
1916   2,250,400                                                     
1917   2,029,130                                                     

***************************************************************************************

Вологодская

год       ЦСК             УГВИ                 чр      чс    мигр  
==== =========== ========================================== =======
1881                                         54,542  45,267          
1882               1,149,167 48.6 33.1 15.5  55,868  38,031          
1883               1,161,551 45.1 35.8  9.3  52,398  41,596          
1884               1,172,253 51.1 32.5 18.7  59,948  38,077          
1885               1,199,577 43.4 39.7  3.7  52,073  47,595          
1886               1,204,055 48.1 31.0 17.1  57,899  37,323          
1887                                         57,753  38,611          
1888               1,239,754 44.3 29.5 14.8  54,974  36,583          
1889               1,258,718 41.9 34.3  7.6  52,757  43,184          
1890               1,268,368 44.6 33.9 10.7  56,538  43,009          
1891               1,282,886 48.0 29.4 18.7  61,622  37,660          
1892               1,306,858 42.4 36.5  5.9  55,468  47,759          
1893               1,314,000 47.1 27.6 19.5  61,895  36,234          
1894               1,342,674 42.9 28.5 14.4  57,648  38,313          
1895               1,362,009 44.3 28.2 16.1  60,292  38,427          
1896               1,383,875 43.2 32.0 11.2  59,717  44,255    -146  
1897               1,365,313 44.3 28.6 15.6  60,426  39,060    -223  
1898               1,385,314 44.7 32.6 12.1  61,980  45,197    -227  
1899               1,438,395 45.9 26.3 19.6  65,954  37,825  -1,062  
1900               1,443,935 42.1 33.3  8.8  60,772  48,047  -1,218  
1901               1,445,470 41.8 40.1  1.7  60,424  57,965    -586  
1902               1,458,668 47.2 32.0 15.2  68,898  46,746    -142  
1903               1,446,168 44.7 29.3 15.5  64,702  42,305    -424  
1904   1,464,900   1,446,168 47.4 27.8 19.7  68,570  40,151    -386  
1905   1,493,200   1,468,565 41.0 31.4  9.5  60,147  46,126    -346  
1906   1,517,500   1,496,984 46.5 34.1 12.4  69,577  50,989  -1,026  
1907   1,535,800   1,511,005 48.7 28.9 19.8  73,545  43,611  -1,980  
1908   1,565,800   1,530,227 43.8 32.7 11.1  67,055  50,000  -4,737  
1909   1,597,500   1,577,216 45.1 28.1 17.0  71,137  44,290  -1,818  
1910   1,625,200   1,577,216 46.1 30.5 15.6  72,681  48,079    -130  
1911   1,651,200   1,601,866 47.6 29.6 18.0  76,248  47,457    -115  
1912   1,678,600   1,629,209 46.4 31.3 15.1  75,606  51,052    -572  
1913   1,719,000   1,654,341 49.3 33.4 15.9  81,609  55,240    -785  
1914   1,751,600   1,679,705 47.7 30.2 17.4  80,081  50,804    -411  
1915   1,772,200   1,704,900                                   -192  
1916   1,802,700                                                     
1917   1,736,681                                                     

***************************************************************************************

Волынская

год       ЦСК             УГВИ                 чр      чс    мигр  
==== =========== ========================================== =======
1881                                         94,971  71,569          
1882               2,034,929 52.5 39.0 13.4 106,793  79,452          
1883               2,062,270 50.5 34.0 16.5 104,135  70,070          
1884               2,096,475 50.3 28.8 21.5 105,466  60,397          
1885               2,140,490 51.2 34.0 17.2 109,641  72,860          
1886               2,176,790 51.8 31.1 20.7 112,848  67,768          
1887                                        117,636  73,964          
1888               2,264,867 52.6 35.5 17.1 119,051  80,316          
1889               2,303,602 53.8 33.2 20.6 123,855  76,406          
1890               2,351,051 51.5 32.3 19.2 121,128  76,050          
1891               2,395,608 52.5 29.9 22.6 125,798  71,620          
1892               2,449,786 49.7 32.2 17.5 121,863  78,923          
1893               2,492,805 52.7 29.0 23.6 131,281  72,374          
1894               2,551,712 49.7 34.7 15.0 126,822  88,603          
1895               2,589,931 53.0 40.2 12.8 137,322 104,125          
1896               2,623,128 53.2 28.4 24.8 139,538  74,443    -804  
1897               2,899,346 47.6 26.0 21.7 138,067  75,285     803  
1898               2,955,869 46.9 26.2 20.7 138,620  77,427    -546  
1899               2,978,537 49.5 29.1 20.4 147,336  86,604  -1,745  
1900               3,013,307 50.9 27.0 23.9 153,515  81,487  -3,312  
1901               3,085,434 47.2 25.5 21.7 145,565  78,651  -2,918  
1902               3,147,316 48.1 26.2 21.9 151,440  82,509  -4,502  
1903               3,098,589 48.6 27.5 21.1 150,571  85,235  -6,520  
1904   3,440,800   3,364,829 44.0 25.9 18.0 147,886  87,211  -6,985  
1905   3,501,600   3,277,469 43.1 29.2 13.9 141,166  95,540 -15,180  
1906   3,547,500   3,457,000 43.7 24.8 18.9 150,994  85,634 -28,987  
1907   3,612,600   3,501,608 44.4 23.3 21.2 155,625  81,507 -19,538  
1908   3,691,000   3,570,519 41.2 23.0 18.3 147,132  81,959 -16,156  
1909   3,770,000   3,623,064 41.4 24.0 17.4 150,117  87,064 -14,624  
1910   3,846,500   3,636,823 42.0 26.5 15.5 152,754  96,297 -18,363  
1911   3,920,400   3,692,261 41.0 22.4 18.6 151,409  82,629  -9,907  
1912   3,995,700   3,758,527 41.1 19.4 21.8 154,562  72,796 -13,972  
1913   4,070,500   3,815,678 38.2 22.1 16.1 145,796  84,334 -16,807  
1914   4,189,000   3,874,374 36.7 23.4 13.3 142,238  90,733 -10,474  
1915   4,241,800   3,885,325                                 -1,146  
1916   4,253,400                                                     
1917   4,215,693                                                     

***************************************************************************************

Воронежская

год       ЦСК             УГВИ                 чр      чс    мигр  
==== =========== ========================================== =======
1881                                        121,033  84,188          
1882               2,335,156 54.6 51.8  2.9 127,594 120,861          
1883               2,433,657 52.4 39.1 13.3 127,465  95,156          
1884               2,465,966 53.0 31.2 21.8 130,682  76,983          
1885               2,486,195 50.8 33.9 17.0 126,328  84,170          
1886               2,528,353 51.2 33.9 17.3 129,470  85,745          
1887                                        130,763  91,682          
1888               2,588,933 53.8 34.4 19.4 139,267  89,062          
1889               2,650,756 55.3 40.4 14.9 146,471 107,043          
1890               2,718,135 49.6 39.7  9.9 134,898 107,953          
1891               2,689,790 55.5 44.2 11.4 149,416 118,774          
1892               2,712,268 42.9 56.1 -13.2 116,448 152,129          
1893               2,676,587 52.4 36.3 16.2 140,311  97,045          
1894               2,678,957 52.0 39.4 12.6 139,422 105,538          
1895               2,715,706 52.5 44.1  8.4 142,665 119,761          
1896               2,764,765 54.1 39.7 14.4 149,557 109,668  -4,768  
1897               2,547,320 61.2 37.2 24.0 155,984  94,782  -2,420  
1898               2,602,763 55.7 40.8 14.9 145,007 106,188  -6,973  
1899               2,766,947 57.3 34.7 22.6 158,514  95,998  -9,842  
1900               2,824,304 57.2 33.5 23.7 161,607  94,552  -5,851  
1901               2,891,359 53.6 34.5 19.1 155,098  99,805    -611  
1902               2,951,843 53.9 37.4 16.5 159,072 110,330  -2,700  
1903               3,016,282 58.2 30.7 27.4 175,432  92,715  -4,106  
1904   2,946,400   3,016,282 57.0 31.4 25.5 171,812  94,833  -1,633  
1905   3,023,600   3,138,554 54.3 35.6 18.7 170,441 111,833  -1,968  
1906   3,079,700   3,178,652 52.6 31.9 20.7 167,155 101,374 -11,058  
1907   3,145,300   3,245,305 54.8 31.3 23.6 177,955 101,440 -29,481  
1908   3,215,100   3,313,544 51.0 32.5 18.5 169,079 107,812 -37,833  
1909   3,286,700   3,377,652 49.7 37.0 12.7 167,968 124,953 -35,969  
1910   3,355,800   3,426,055 50.4 38.7 11.6 172,542 132,727  -3,778  
1911   3,421,000   3,457,830 51.2 30.4 20.8 176,888 105,129    -541  
1912   3,491,200   3,521,712 50.2 27.4 22.7 176,717  96,620  -9,270  
1913   3,559,700   3,610,526 48.6 30.2 18.3 175,310 109,194 -13,798  
1914   3,630,900   3,702,589 48.4 29.8 18.6 179,164 110,219 -14,494  
1915   3,687,000   3,776,564                                   -177  
1916   3,740,800                                                     
1917   3,606,458                                                     

***************************************************************************************

Выборгская

год       ЦСК             УГВИ                 чр      чс    мигр  
==== =========== ========================================== =======
1896                 379,049 33.3 20.0 13.3  12,637   7,585     -32  
1897                 386,440 33.0 19.5 13.6  12,770   7,524     -38  
1898                 394,320 36.2 19.4 16.8  14,271   7,653      -1  
1899                 403,793 35.8 19.8 16.0  14,449   7,978     -85  
1900                 413,479 35.0 21.6 13.5  14,489   8,915    -223  
1901                 421,610 35.1 21.4 13.7  14,807   9,029    -548  
1902                 430,474 34.6 21.0 13.6  14,905   9,032    -996  
1903                 439,559 34.3 18.9 15.4  15,065   8,298    -684  
1904     438,200     450,407 35.1 19.7 15.4  15,795   8,875    -801  
1905     448,200     461,266 33.8 21.0 12.8  15,573   9,667    -744  
1906     455,200     470,542 34.6 20.4 14.2  16,273   9,593    -690  
1907     472,700     481,021 35.4 19.2 16.2  17,007   9,236    -632  
1908     484,000     492,499 34.2 19.8 14.5  16,851   9,727  -1,013  
1909     497,000     502,497 34.8 17.6 17.2  17,473   8,824  -1,263  
1910     498,000     512,981 32.3 18.6 13.7  16,565   9,545  -1,229  
1911     509,200     521,469 31.7 17.4 14.3  16,526   9,059    -588  
1912     515,000     529,577 31.1 16.9 14.2  16,473   8,967    -846  
1913     533,600     538,374 28.9 16.3 12.6  15,567   8,771    -914  
1914     543,500     546,553 28.9 15.9 13.0  15,799   8,699    -699  
1915     550,600     555,215 26.9 16.1 10.7  14,932   8,964    -144  
1916     558,000     562,298 25.3 17.8  7.5  14,242  10,007    -191  
1917                 567,187                                         

***************************************************************************************

Вятская

год       ЦСК             УГВИ                 чр      чс    мигр  
==== =========== ========================================== =======
1881                                        153,348 113,296          
1882               2,698,500 58.6 42.4 16.2 158,184 114,340          
1883               2,740,953 54.8 40.9 13.9 150,297 112,205          
1884               2,774,138 56.0 36.1 19.9 155,471 100,248          
1885               2,839,206 45.9 40.5  5.4 130,455 115,110          
1886               2,854,551 49.4 39.1 10.4 141,131 111,579          
1887                                        147,146 114,267          
1888               2,914,344 52.8 34.7 18.1 153,745 101,070          
1889               2,924,015 53.2 42.5 10.7 155,453 124,264          
1890               2,991,483 52.9 47.1  5.8 158,150 140,937          
1891               3,005,795 55.1 37.2 17.8 165,490 111,953          
1892               3,017,038 46.6 44.1  2.5 140,463 133,061          
1893               3,050,600 50.1 35.1 15.1 152,979 106,991          
1894               3,062,210 51.8 36.7 15.1 158,483 112,380          
1895               3,098,643 54.0 35.3 18.7 167,172 109,279          
1896               3,042,950 54.4 42.8 11.6 165,540 130,154  -1,160  
1897               3,082,619 56.2 37.6 18.7 173,317 115,809  -1,038  
1898               3,135,885 55.1 43.8 11.2 172,724 137,455  -4,917  
1899               3,218,022 53.6 34.7 19.0 172,623 111,556  -6,006  
1900               3,251,990 52.9 38.1 14.8 172,111 123,826  -1,926  
1901               3,306,802 55.0 38.4 16.6 181,952 126,986  -2,258  
1902               3,326,736 52.5 41.8 10.7 174,525 138,959  -2,003  
1903               3,355,847 56.4 33.9 22.5 189,230 113,734  -3,493  
1904   3,440,300   3,395,500 52.9 36.4 16.4 179,484 123,747  -1,180  
1905   3,496,100   3,428,685 49.6 38.9 10.7 170,054 133,427  -1,057  
1906   3,532,600   3,470,529 56.6 44.5 12.1 196,403 154,272  -7,623  
1907   3,572,600   3,519,838 53.9 35.8 18.1 189,760 126,030 -10,022  
1908   3,616,000   3,557,419 50.9 32.6 18.3 181,000 116,028 -15,268  
1909   3,683,600   3,611,141 51.2 35.5 15.7 185,050 128,332  -9,498  
1910   3,747,000   3,590,663 56.5 40.4 16.1 202,910 145,173  -2,465  
1911   3,806,800   3,665,193 54.7 37.3 17.4 200,573 136,835  -5,553  
1912   3,869,100   3,703,885 50.8 37.6 13.2 188,286 139,445 -16,006  
1913   3,928,800   3,743,259 50.3 36.5 13.9 188,351 136,454 -15,719  
1914   3,996,700   3,813,263 51.9 33.2 18.7 197,970 126,554 -10,325  
1915   4,062,000   3,791,678                                 -1,009  
1916   4,121,900                                                     
1917   4,036,933                                                     

***************************************************************************************

Гродненская

год       ЦСК             УГВИ                 чр      чс    мигр  
==== =========== ========================================== =======
1881                                         49,418  41,813          
1882               1,204,150 45.0 36.8  8.2  54,210  44,372          
1883               1,226,946 44.3 27.7 16.6  54,331  33,959          
1884               1,256,883 41.0 29.1 11.9  51,544  36,525          
1885               1,243,414 44.3 34.6  9.8  55,112  42,978          
1886               1,270,567 42.1 33.1  9.0  53,473  42,017          
1887                                         55,680  34,546          
1888               1,354,425 41.5 27.9 13.6  56,147  37,791          
1889               1,329,494 43.8 29.2 14.5  58,222  38,883          
1890               1,387,277 44.0 30.3 13.6  60,982  42,063          
1891               1,483,518 41.6 25.9 15.7  61,716  38,489          
1892               1,510,028 36.6 27.4  9.2  55,298  41,420          
1893               1,532,184 42.5 26.7 15.9  65,129  40,833          
1894               1,601,168 40.7 29.0 11.7  65,164  46,398          
1895               1,600,052 42.0 27.4 14.7  67,220  43,774          
1896               1,625,550 42.2 25.9 16.3  68,599  42,073  -1,898  
1897               1,415,815 47.5 29.8 17.7  67,312  42,182    -389  
1898               1,441,062 41.0 26.6 14.3  59,034  38,404  -3,168  
1899               1,504,606 43.9 28.5 15.4  66,042  42,856  -3,572  
1900               1,571,220 45.0 28.2 16.8  70,705  44,243  -4,134  
1901               1,602,205 42.5 26.8 15.7  68,052  42,934  -2,221  
1902               1,631,645 43.3 24.4 19.0  70,661  39,741  -2,654  
1903               1,652,783 39.0 27.7 11.3  64,478  45,794  -4,133  
1904   1,788,900   1,636,783 39.8 28.8 11.1  65,169  47,066  -4,878  
1905   1,807,000   1,650,453 38.6 26.8 11.9  63,773  44,167  -6,460  
1906   1,826,600   1,671,191 39.8 22.9 16.8  66,434  38,296  -7,908  
1907   1,869,900   1,715,173 39.1 21.5 17.6  67,113  36,864  -6,551  
1908   1,904,300   1,699,232 37.0 23.2 13.8  62,846  39,384  -4,734  
1909   1,929,200   1,722,694 36.2 22.9 13.3  62,370  39,405  -5,347  
1910   1,951,700   1,781,762 35.2 23.4 11.8  62,736  41,685  -6,814  
1911   1,974,400   1,826,516 33.8 20.3 13.6  61,781  37,016  -4,720  
1912   1,997,600   1,855,423 33.8 18.8 15.0  62,744  34,926  -4,062  
1913   2,020,300   1,883,241 32.3 19.6 12.7  60,854  36,942  -5,393  
1914   2,048,200   1,909,824                                 -4,142  
1915   2,094,300   2,048,200                                 -1,014  
1916   2,094,300                                                     
1917   2,053,278                                                     

***************************************************************************************

Дагестанская обл.

год       ЦСК             УГВИ                 чр      чс    мигр  
==== =========== ========================================== =======
1886                                          2,333   2,521          
1887                                         13,270  10,799          
1888                 597,356 23.2 22.4  0.8  13,874  13,378          
1889                 601,987 20.4 17.6  2.8  12,303  10,612          
1890                 647,493 25.0 22.4  2.6  16,183  14,489          
1891                 661,444 15.6 17.5 -1.9  10,321  11,554          
1892                 661,444 21.1 40.3 -19.2  13,939  26,646          
1893                 649,784 16.2 16.0  0.2  10,546  10,393          
1894                 647,412 18.8 17.8  1.0  12,163  11,542          
1895                 571,661 25.5 19.9  5.6  14,596  11,377          
1896                 598,915 24.2 20.7  3.4  14,479  12,424     -33  
1897                 602,024 23.1 21.1  2.1  13,926  12,674     -22  
1898                 604,813 23.6 21.1  2.5  14,297  12,773     -38  
1899                 612,904 19.7 25.9 -6.2  12,044  15,848     -59  
1900                 618,246 21.5 18.7  2.8  13,295  11,557     -75  
1901                 629,301 24.2 19.0  5.2  15,220  11,940     -83  
1902                 639,307 22.8 22.0  0.8  14,568  14,063     -87  
1903                 638,050 22.8 18.5  4.3  14,542  11,791    -129  
1904     593,700     649,908 27.3 18.9  8.4  17,720  12,288    -179  
1905     599,200     656,932 26.7 24.6  2.1  17,508  16,158    -233  
1906     605,100     652,487 24.7 19.7  5.0  16,094  12,844    -263  
1907     614,500     659,952 23.2 17.9  5.2  15,280  11,834    -196  
1908     626,500     667,515 22.9 18.3  4.6  15,271  12,228    -118  
1909     662,200     673,224 21.7 19.9  1.8  14,632  13,424     -97  
1910     675,800     679,168 21.8 20.7  1.1  14,826  14,075    -138  
1911     689,300     681,589 23.9 15.0  8.9  16,296  10,225    -127  
1912     702,500     684,945 23.0 17.4  5.6  15,754  11,950    -143  
1913     715,100     693,111 24.9 18.8  6.1  17,256  13,047    -189  
1914     724,200     700,964 22.2 17.0  5.2  15,567  11,929    -127  
1915     732,600     703,510                                    -19  
1916     741,900                                                     
1917     769,390                                                     

***************************************************************************************

Екатеринославская

год       ЦСК             УГВИ                 чр      чс    мигр  
==== =========== ========================================== =======
1881                                         82,300  46,068          
1882               1,535,585 62.5 43.6 18.9  95,965  66,895          
1883               1,697,061 57.6 34.2 23.5  97,805  57,969          
1884               1,696,387 55.5 33.0 22.5  94,157  56,012          
1885               1,740,040 60.2 34.6 25.6 104,823  60,250          
1886               1,786,191 49.2 33.1 16.1  87,963  59,188          
1887                                         97,006  60,248          
1888               1,874,162 49.2 26.6 22.6  92,192  49,802          
1889               1,587,278 59.7 38.7 21.0  94,682  61,392          
1890               1,627,149 55.9 39.9 16.1  90,972  64,854          
1891               1,653,543 55.7 39.5 16.3  92,173  65,272          
1892               1,680,636 61.1 42.2 18.8 102,673  70,996          
1893               1,852,363 53.8 29.4 24.4  99,673  54,389          
1894               1,915,212 57.9 32.2 25.7 110,933  61,629          
1895               1,902,743 60.6 34.6 26.0 115,254  65,850          
1896               2,020,002 60.4 27.6 32.8 122,065  55,751    -401  
1897               2,112,651 58.9 27.7 31.2 124,434  58,576     284  
1898               2,173,458 57.4 28.4 29.0 124,752  61,767     619  
1899               2,297,286 53.4 25.1 28.4 122,743  57,605    -277  
1900               2,402,080 57.1 26.6 30.6 137,208  63,785  -3,767  
1901               2,458,750 54.0 28.1 25.9 132,842  69,104  -2,475  
1902               2,485,983 54.0 28.9 25.1 134,197  71,921  -3,569  
1903               2,889,866 50.0 24.0 26.0 144,407  69,289  -3,985  
1904   2,578,600   3,052,353 48.7 22.1 26.6 148,794  67,582  -4,521  
1905   2,659,800   2,732,246 51.3 30.9 20.4 140,202  84,561  -3,741  
1906   2,708,700   2,796,396 53.7 27.1 26.7 150,259  75,663  -7,965  
1907   2,783,300   2,841,646 55.4 27.6 27.8 157,406  78,449  -9,927  
1908   2,866,800   2,913,292 52.6 28.0 24.6 153,332  81,674 -22,242  
1909   2,980,500   2,980,171 53.2 28.4 24.8 158,511  84,543 -39,157  
1910   3,061,300   3,084,878 50.2 32.3 17.9 154,781  99,681 -29,179  
1911   3,138,200   3,140,133 50.4 21.5 28.9 158,272  67,554  -4,469  
1912   3,214,900   3,262,496 49.1 22.7 26.4 160,308  74,127  -4,655  
1913   3,290,100   3,349,565 47.9 23.8 24.1 160,371  79,557 -17,011  
1914   3,455,500   3,430,379 47.5 22.2 25.4 163,101  76,108 -23,741  
1915   3,537,300   3,517,372                                 -3,606  
1916   3,597,000                                                     
1917   3,282,142                                                     

***************************************************************************************

Елисаветпольская

год       ЦСК             УГВИ                 чр      чс    мигр  
==== =========== ========================================== =======
1886                                          8,203   7,947          
1887                                         19,453  11,949          
1888                 753,395 26.2 19.9  6.3  19,719  14,961          
1889                 755,226 27.5 17.0 10.6  20,781  12,804          
1890                 764,434 27.9 20.6  7.3  21,326  15,726          
1891                 767,126 29.4 21.1  8.3  22,575  16,174          
1892                 793,969 25.7 24.5  1.3  20,423  19,423          
1893                 710,998 30.0 17.2 12.8  21,359  12,225          
1894                 808,015 26.8 17.1  9.7  21,633  13,801          
1895                 816,323 26.7 15.8 10.9  21,773  12,900          
1896                 827,879 24.8 15.6  9.2  20,560  12,906       7  
1897                 862,346 25.7  8.8 16.9  22,171   7,590      16  
1898                 871,557 24.2 15.8  8.4  21,092  13,784      12  
1899                 880,144 24.5 18.1  6.4  21,541  15,916      14  
1900                 887,425 25.0 15.3  9.7  22,187  13,591       2  
1901                 892,707 26.0 14.6 11.4  23,216  13,047      10  
1902                 901,584 28.1 17.3 10.8  25,371  15,597      -4  
1903                 911,758 28.0 17.2 10.8  25,507  15,696      -9  
1904     932,100     921,864 28.7 17.3 11.3  26,414  15,955     -26  
1905     942,600     951,889 24.4 16.3  8.2  23,239  15,477     -40  
1906     953,300     929,896 27.8 17.8 10.1  25,877  16,515     -96  
1907     964,500     953,300 22.7 15.3  7.4  21,606  14,595    -148  
1908     977,800   1,092,085 26.5 21.2  5.3  28,962  23,174     -42  
1909     992,100   1,147,226 19.2 13.5  5.8  22,062  15,462     -44  
1910   1,007,800   1,096,708 22.8 14.5  8.3  25,029  15,952     -44  
1911   1,021,900   1,127,949 22.6 14.7  7.9  25,454  16,570     -15 *
1912   1,035,800   1,230,231 22.4 13.8  8.7  27,574  16,929       1 *
1913   1,049,600   1,240,874 20.2 13.2  6.9  25,013  16,413     -31 *
1914   1,098,000   1,249,494 23.1 14.4  8.7  28,903  18,002     -23 *
1915   1,117,200   1,260,416                                     -9  
1916   1,133,800                                                     
1917   1,183,067                                                     

***************************************************************************************

Енисейская

год       ЦСК             УГВИ                 чр      чс    мигр  
==== =========== ========================================== =======
1881                                         21,022  19,718          
1882                 428,517 49.1 46.0  3.0  21,022  19,718          
1883                 428,517 51.7 34.3 17.3  22,139  14,708          
1884                 429,592 49.3 41.8  7.6  21,195  17,943          
1885                 439,149 47.9 30.6 17.3  21,019  13,439          
1886                 447,076 51.0 43.3  7.7  22,809  19,375          
1887                                         22,968  19,052          
1888                 458,572 53.7 36.6 17.1  24,617  16,764          
1889                 472,811 49.3 35.8 13.5  23,315  16,944          
1890                 474,484 48.2 36.6 11.5  22,847  17,385          
1891                 460,679 52.0 42.8  9.1  23,946  19,733          
1892                 459,105 55.6 41.2 14.4  25,524  18,922          
1893                 478,786 54.1 36.1 18.0  25,914  17,272          
1894                 483,170 56.0 39.8 16.3  27,070  19,213          
1895                 504,408 55.8 44.7 11.1  28,171  22,551          
1896                 547,633 50.0 43.2  6.9  27,402  23,639  18,501  
1897                 547,807 55.0 37.8 17.2  30,146  20,701   4,208  
1898                 559,902 53.1 38.3 14.8  29,746  21,435  19,891  
1899                 566,738 53.9 36.3 17.6  30,525  20,563  20,263  
1900                 577,851 59.6 45.1 14.5  34,448  26,083  25,001  
1901                 587,851 61.8 41.2 20.6  36,344  24,222  14,312  
1902                 600,467 59.7 38.3 21.4  35,876  23,016  13,327  
1903                 670,467 54.8 36.6 18.2  36,712  24,509  16,690  
1904     634,000     721,218 51.0 33.9 17.2  36,794  24,416     594  
1905     649,000     719,116 45.6 37.0  8.5  32,760  26,616     680  
1906     657,900     726,315 53.1 37.0 16.1  38,537  26,857  14,519  
1907     672,600     766,850 57.3 40.2 17.1  43,920  30,830  47,108  
1908     689,700     787,778 62.5 42.6 19.8  49,203  33,584  58,769  
1909     705,300     817,975 65.3 42.0 23.2  53,381  34,376  47,683  
1910     859,100     919,973 61.2 38.8 22.4  56,348  35,706  11,786  
1911     961,600     966,409 53.8 29.2 24.6  51,981  28,173  13,135  
1912     970,800     966,409 60.5 37.7 22.8  58,440  36,451  21,450  
1913     982,500   1,076,181 55.0 35.8 19.2  59,175  38,520  19,212  
1914     990,400   1,119,208 54.3 31.9 22.4  60,741  35,696  13,747  
1915   1,143,900   1,134,208                                    967  
1916   1,169,100                                                     
1917   1,113,348                                                     

***************************************************************************************

Забайкальская обл.

год       ЦСК             УГВИ                 чр      чс    мигр  
==== =========== ========================================== =======
1881                                         18,396  12,028          
1882                 497,760                                         
1883                                         19,744  11,601          
1884                 509,633                                         
1885                 509,633 45.3 32.3 13.0  23,086  16,474          
1886                 530,896                                         
1887                                         21,930  15,055          
1888                 545,338                                         
1889                 545,338 30.0 23.1  6.9  16,384  12,612          
1890                 447,842 38.7 32.2  6.6  17,344  14,410          
1891                 565,477 37.0 21.4 15.6  20,933  12,119          
1892                 576,002 39.5 22.7 16.8  22,747  13,051          
1893                 600,671 33.9 22.4 11.5  20,379  13,459          
1894                 607,738 41.1 26.3 14.7  24,953  15,993          
1895                 610,194 40.2 25.7 14.5  24,504  15,653          
1896                 609,748 40.2 25.7 14.5  24,504  15,653     -17  
1897                 639,721 40.3 26.0 14.2  25,752  16,664      16  
1898                 654,055 37.9 24.8 13.1  24,790  16,252     171  
1899                 669,671 38.0 26.2 11.8  25,418  17,512      67  
1900                 674,890 40.3 24.7 15.6  27,183  16,659     172  
1901                 694,545 38.2 23.2 15.0  26,542  16,115     844  
1902                 710,165 35.1 20.8 14.3  24,915  14,776    -113  
1903                 720,304 33.7 23.2 10.5  24,309  16,746     115  
1904     727,500     670,102 39.3 28.8 10.5  26,318  19,270    -120  
1905     734,500     824,266 29.0 25.5  3.5  23,917  21,004     -98  
1906     742,200     764,458 30.8 21.6  9.1  23,514  16,534   1,872  
1907     741,900     827,253 30.5 18.2 12.4  25,257  15,019   1,852  
1908     745,600     862,841 38.7 24.5 14.1  33,376  21,179     269 *
1909     806,500     843,151 41.6 26.2 15.4  35,065  22,053     618 *
1910     833,400     860,345 39.8 25.9 13.8  34,209  22,313   1,047 *
1911     853,400     890,602 40.4 23.4 17.0  36,022  20,859   1,742 *
1912     893,200     888,643 39.3 24.4 15.0  34,931  21,640   3,328 *
1913     920,500     898,353 39.1 24.1 15.0  35,130  21,619   3,216 *
1914     945,700     926,757 45.3 26.8 18.6  42,001  24,791   1,921  
1915     971,700     953,470                                    -15  
1916     994,400                                                     
1917     888,926                                                     

***************************************************************************************

Закаспийская обл.

год       ЦСК             УГВИ                 чр      чс    мигр  
==== =========== ========================================== =======
1888                 695,922                                         
1889                 695,922                                         
1890                 700,000  3.4  2.1  1.3   2,377   1,438          
1891                 700,000                                         
1892                 700,000  2.8  1.7  1.1   1,954   1,213          
1893                 700,000                                         
1894                 700,000  1.9  1.4  0.5   1,315     993          
1895                 700,000  1.6  1.1  0.5   1,129     752          
1896                 700,000  4.9  4.4  0.4   3,415   3,108      -4  
1897                 382,327  9.9  5.8  4.2   3,791   2,203       8  
1898                 308,905 10.7  6.7  3.9   3,291   2,084      11  
1899                 339,238 16.2 10.0  6.2   5,510   3,390       6  
1900                 380,235 23.7 22.0  1.7   9,014   8,380       0  
1901                 360,515 24.2 22.5  1.7   8,718   8,109       0  
1902                 401,212 24.4 16.7  7.7   9,808   6,708      -3  
1903                 364,831 32.5 19.9 12.6  11,865   7,250      -5  
1904     388,100     459,097 20.1 13.2  6.9   9,241   6,066     -11  
1905     392,200     380,605 21.9 16.0  5.9   8,327   6,099     -19  
1906     397,100     388,384 25.1 17.1  7.9   9,738   6,659     -16  
1907     405,500     400,783 25.3 13.7 11.6  10,132   5,499     -10  
1908     415,700     410,913 37.4 15.9 21.5  15,372   6,531       3  
1909     429,300     450,989 28.7 16.4 12.3  12,951   7,399       3  
1910     440,800     431,308 32.8 22.4 10.5  14,165   9,646      -3  
1911     451,300     440,800 46.5 25.6 20.9  20,495  11,268      -2 *
1912     486,200     451,300 39.5 25.2 14.3  17,844  11,383      -1 *
1913     507,500     472,814 40.7 29.6 11.1  19,245  13,995      -3 *
1914     533,900     487,501 32.1 26.9  5.2  15,667  13,113     -14  
1915     552,500     507,136                                     -4  
1916     559,000                                                     
1917     489,871                                                     

***************************************************************************************

Иркутская

год       ЦСК             УГВИ                 чр      чс    мигр  
==== =========== ========================================== =======
1881                                         18,440  14,768          
1882                 387,429 52.5 41.1 11.4  20,340  15,918          
1883                 391,065 45.2 30.7 14.5  17,661  12,000          
1884                 398,873 48.5 36.9 11.7  19,364  14,714          
1885                 404,700 49.3 41.3  8.1  19,966  16,694          
1886                 408,038 47.9 39.4  8.5  19,539  16,067          
1887                                         19,988  17,686          
1888                 421,187 47.6 41.1  6.5  20,048  17,313          
1889                 428,962 49.2 37.8 11.4  21,094  16,220          
1890                 433,676 46.4 32.5 14.0  20,131  14,077          
1891                 444,704 47.2 33.5 13.6  20,985  14,919          
1892                 456,617 45.8 34.5 11.2  20,895  15,763          
1893                 471,560 47.6 41.2  6.4  22,440  19,440          
1894                 477,519 47.8 39.3  8.5  22,826  18,780          
1895                 486,229 47.4 37.4 10.0  23,045  18,172          
1896                 469,417 49.1 40.3  8.9  23,058  18,897     121  
1897                 491,188 46.3 37.9  8.4  22,751  18,632     141  
1898                 506,517 45.3 37.4  7.8  22,924  18,955   3,266  
1899                 516,327 45.8 37.9  7.9  23,630  19,547   4,203  
1900                 529,738 44.8 34.5 10.4  23,755  18,267   4,510  
1901                 540,424 45.5 31.8 13.8  24,615  17,180   8,277  
1902                 552,187 49.2 35.3 13.9  27,145  19,487   6,879  
1903                 552,187 49.2 35.3 13.9  27,145  19,487   2,959  
1904     540,300     574,936 42.1 35.8  6.3  24,228  20,581     161  
1905     544,100     580,051 44.3 37.6  6.7  25,668  21,790     222  
1906     552,700     594,007 38.4 28.9  9.5  22,821  17,166   6,574  
1907     564,300     574,311 52.0 37.0 15.0  29,861  21,234  12,228  
1908     577,700     583,224 51.9 37.8 14.2  30,279  22,017  15,646  
1909     656,900     663,058 41.8 31.0 10.8  27,697  20,563  14,339  
1910     674,900     600,110 47.0 34.3 12.7  28,222  20,584   8,105  
1911     696,200     630,847 54.4 33.3 21.1  34,320  21,002   8,234  
1912     714,900     649,135 41.5 26.9 14.7  26,971  17,442  13,079  
1913     733,600     696,011 44.1 28.5 15.6  30,674  19,806   9,808  
1914     750,200     736,222 48.0 29.0 19.0  35,331  21,326   7,087  
1915     821,800     744,361                                    491  
1916     833,200                                                     
1917     775,597                                                     

***************************************************************************************

Казанская

год       ЦСК             УГВИ                 чр      чс    мигр  
==== =========== ========================================== =======
1881                                         94,562  63,496          
1882               1,931,154 50.1 38.8 11.3  96,799  74,897          
1883               1,955,590 47.0 36.2 10.8  92,010  70,860          
1884               1,992,985 50.3 34.3 15.9 100,169  68,419          
1885               2,040,448 46.5 32.3 14.1  94,809  65,997          
1886               2,076,297 46.0 30.3 15.7  95,558  63,008          
1887                                        100,888  65,920          
1888               2,113,954 49.5 32.7 16.8 104,595  69,104          
1889               2,149,445 47.8 35.9 11.9 102,705  77,204          
1890               2,164,495 47.4 35.3 12.0 102,519  76,454          
1891               2,195,414 46.3 35.2 11.1 101,539  77,267          
1892               2,219,686 37.8 46.2 -8.4  83,840 102,498          
1893               2,201,028 44.8 38.0  6.8  98,617  83,544          
1894               2,204,027 45.2 37.1  8.1  99,514  81,672          
1895               2,240,377 46.7 34.2 12.5 104,609  76,702          
1896               2,235,336 50.5 33.0 17.6 112,939  73,662    -302  
1897               2,190,075 51.0 32.2 18.8 111,772  70,596       0  
1898               2,229,076 49.4 37.0 12.3 110,036  82,566  -1,970  
1899               2,301,683 42.3 33.6  8.7  97,450  77,408  -1,997  
1900               2,311,637 51.0 31.5 19.5 117,782  72,765      12  
1901               2,363,536 51.4 32.5 19.0 121,523  76,698    -143  
1902               2,413,632 51.0 34.8 16.1 123,014  84,085     -71  
1903               2,407,280 46.0 29.3 16.7 110,742  70,651    -419  
1904   2,426,400   2,440,959 47.4 32.9 14.5 115,823  80,372     -75  
1905   2,462,800   2,484,928 44.2 28.8 15.4 109,908  71,647     -47  
1906   2,504,500   2,494,358 48.2 31.8 16.4 120,191  79,216  -1,195  
1907   2,545,500   2,544,996 44.3 30.7 13.6 112,669  78,143  -1,554  
1908   2,592,900   2,544,996 44.3 28.0 16.3 112,712  71,334  -4,469  
1909   2,652,200   2,591,334 45.1 31.7 13.4 116,790  82,040  -5,535  
1910   2,711,000   2,628,897 47.7 33.6 14.1 125,366  88,383  -1,648  
1911   2,749,200   2,671,146 46.0 31.1 14.8 122,740  83,131  -4,627  
1912   2,792,400   2,718,030 43.2 29.2 14.0 117,335  79,406  -8,862  
1913   2,833,200   2,804,011 42.2 31.4 10.7 118,229  88,161  -5,715  
1914   2,867,000   2,850,101 46.1 29.2 16.8 131,342  83,342  -3,536  
1915   2,900,400   2,896,348                                   -753  
1916   2,935,000                                                     
1917   2,915,810                                                     

***************************************************************************************

Калишская

год       ЦСК             УГВИ                 чр      чс    мигр  
==== =========== ========================================== =======
1881                                         27,455  17,484          
1882                 765,403 36.5 24.3 12.2  27,967  18,611          
1883                 774,759 36.1 23.0 13.1  27,987  17,807          
1884                 784,939 35.4 22.5 12.8  27,771  17,697          
1885                 794,414 36.7 23.1 13.6  29,178  18,359          
1886                 807,444 36.2 20.4 15.8  29,217  16,438          
1887                                         33,077  19,342          
1888                 837,317 38.6 26.6 12.0  32,320  22,301          
1889                 844,446 42.5 23.4 19.2  35,922  19,730          
1890                 863,739 41.6 23.8 17.8  35,951  20,553          
1891                 881,798 38.2 20.6 17.6  33,679  18,135          
1892                 896,509 35.6 23.0 12.6  31,911  20,583          
1893                 909,173 37.4 24.4 13.0  33,961  22,147          
1894                 919,029 39.9 21.7 18.2  36,680  19,974          
1895                 934,773 40.4 22.8 17.6  37,771  21,322          
1896                 948,433 37.8 20.9 16.9  35,828  19,803     -15  
1897                 962,237 35.1 19.7 15.4  33,732  18,929     447  
1898                 970,580 36.0 19.9 16.1  34,925  19,312    -388  
1899                 996,780 36.5 20.8 15.7  36,346  20,728    -206  
1900               1,017,510 38.6 20.8 17.8  39,249  21,185  -1,187  
1901               1,032,045 37.3 22.5 14.7  38,448  23,265  -1,296  
1902               1,042,681 39.1 20.7 18.5  40,811  21,548  -3,240  
1903               1,038,239 42.3 21.4 20.8  43,885  22,242  -3,158  
1904     942,400   1,095,902 38.8 21.1 17.7  42,566  23,153  -4,433  
1905     964,400   1,087,978 39.4 24.6 14.8  42,878  26,774  -5,370  
1906     983,200   1,101,356 40.8 23.3 17.6  44,984  25,644  -6,153  
1907   1,003,700   1,144,993 39.3 23.5 15.8  45,034  26,916  -5,351  
1908   1,028,500   1,173,983 36.9 21.1 15.9  43,346  24,720  -2,821  
1909   1,151,100   1,174,790 40.4 21.6 18.7  47,421  25,399  -4,641  
1910   1,126,700   1,286,618 37.1 19.6 17.5  47,755  25,272  -8,351  
1911   1,183,800   1,316,403 35.5 19.9 15.6  46,698  26,146  -4,290  
1912   1,245,200   1,355,347 33.6 18.1 15.5  45,496  24,539  -8,656  
1913   1,295,400   1,356,842                                -10,075  
1914   1,342,400   1,295,400                                 -4,075  
1915   1,342,400                                               -513  

***************************************************************************************

Калужская

год       ЦСК             УГВИ                 чр      чс    мигр  
==== =========== ========================================== =======
1881                                         50,562  32,747          
1882               1,132,187 47.2 39.9  7.3  53,476  45,208          
1883               1,140,337 48.1 33.8 14.3  54,868  38,588          
1884               1,156,617 47.2 40.3  6.8  54,539  46,632          
1885               1,156,617 49.5 42.2  7.2  57,208  48,865          
1886               1,172,867 46.4 34.0 12.4  54,396  39,833          
1887                                         54,478  42,026          
1888               1,199,882 49.8 31.9 17.9  59,813  38,318          
1889               1,221,377 47.9 37.9  9.9  58,487  46,340          
1890               1,233,522 49.5 41.0  8.5  61,106  50,620          
1891               1,244,018 46.3 41.7  4.6  57,604  51,846          
1892               1,252,935 47.7 36.7 11.1  59,822  45,967          
1893               1,267,028 49.5 35.5 13.9  62,665  45,025          
1894               1,301,126 47.4 36.8 10.6  61,656  47,910          
1895               1,312,802 49.5 38.2 11.3  64,942  50,121          
1896               1,341,444 47.8 35.9 11.9  64,162  48,194  -1,005  
1897               1,178,835 52.0 43.9  8.1  61,334  51,769  -1,141  
1898               1,194,557 51.6 38.4 13.2  61,584  45,864  -1,379  
1899               1,210,921 54.0 34.7 19.2  65,375  42,074    -537  
1900               1,234,140 53.9 40.2 13.7  66,551  49,666    -313  
1901               1,250,933 54.6 45.8  8.8  68,307  57,314    -125  
1902               1,261,845 59.4 36.0 23.3  74,912  45,456     -24  
1903               1,291,301 51.6 40.5 11.1  66,649  52,269    -157  
1904   1,253,600   1,305,681 57.5 38.8 18.7  75,139  50,706    -107  
1905   1,278,000   1,330,114 49.8 42.9  6.9  66,202  57,069    -122  
1906   1,287,300   1,339,247 53.6 36.7 16.9  71,732  49,125    -716  
1907   1,310,400   1,361,848 50.2 32.7 17.5  68,408  44,547  -9,648  
1908   1,336,200   1,385,779 46.1 35.4 10.7  63,820  49,010  -6,498  
1909   1,363,000   1,397,192 44.2 33.4 10.8  61,719  46,685  -3,166  
1910   1,387,100   1,413,855 43.5 34.2  9.3  61,528  48,358    -852  
1911   1,412,900   1,420,295 48.3 28.0 20.2  68,535  39,828    -129  
1912   1,430,400   1,449,002 47.8 30.4 17.4  69,276  44,029    -182  
1913   1,445,200   1,483,025 45.9 30.9 14.9  68,031  45,864    -159  
1914   1,476,600   1,496,259 46.2 32.0 14.2  69,150  47,895    -238  
1915   1,497,200   1,517,514                                    -92  
1916   1,517,600                                                     
1917   1,468,552                                                     

***************************************************************************************

Камчатская обл.

год       ЦСК             УГВИ                 чр      чс    мигр  
==== =========== ========================================== =======
1909      34,800                                319     251       0  
1910      35,800      28,837 23.2 11.8 11.4     670     340       0  
1911      37,300      35,800 17.7 13.1  4.6     633     469       0  
1912      38,500      34,676 19.1 15.5  3.6     663     538       0  
1913      39,400      38,500 20.9 16.2  4.8     806     622       0  
1914      40,500      39,400 19.2 15.4  3.8     756     605       0  
1915      41,400      32,530                                     11  
1916      42,000                                                  0  
1917      40,563                                                  0  

***************************************************************************************

Карсская обл.

год       ЦСК             УГВИ                 чр      чс    мигр  
==== =========== ========================================== =======
1888                 237,114                                         
1889                 237,114                                         
1890                 237,114 16.0  5.8 10.2   3,804   1,383          
1891                 237,114 16.4  6.5  9.9   3,894   1,552          
1892                 237,114 14.7 10.0  4.7   3,493   2,367          
1893                 232,585 25.8 14.1 11.6   5,996   3,291          
1894                 158,982 48.2 24.1 24.2   7,670   3,830          
1895                 207,385 37.2 17.2 20.0   7,715   3,561          
1896                 216,249 37.6 14.2 23.3   8,126   3,078      -3  
1897                 256,146 33.5 14.2 19.3   8,587   3,648       0  
1898                 261,194 33.7 16.2 17.5   8,806   4,235      -2  
1899                 266,133 31.6 14.6 17.0   8,399   3,883      -6  
1900                 273,356 30.9 13.8 17.1   8,452   3,779      -8  
1901                 278,616 34.3 19.5 14.8   9,557   5,444      -7  
1902                 281,536 32.4 20.4 12.0   9,133   5,757      -9  
1903                 297,123 41.5 19.4 22.1  12,339   5,771     -32  
1904     322,900     304,193 32.3 15.2 17.1   9,821   4,626     -81  
1905     343,500     304,193 35.4 17.3 18.2  10,780   5,253     -47  
1906     349,100     337,880 31.4 17.3 14.1  10,606   5,836    -116  
1907     353,100     339,557 40.2 19.3 20.9  13,645   6,541    -361 *
1908     359,400     357,291 34.4 19.1 15.3  12,301   6,837    -175 *
1909     364,700     345,102 39.8 25.7 14.0  13,718   8,881     -36 *
1910     370,600     349,689 45.0 26.1 18.9  15,728   9,124     -98 *
1911     377,200     346,077 38.6 18.2 20.4  13,351   6,296     -62 *
1912     383,300     377,200 39.4 18.9 20.5  14,868   7,143    -175 *
1913     389,800     380,652                                   -274 *
1914     396,200     389,800                                   -114  
1915     403,000     396,200                                     68  
1916     410,200                                                     
1917     390,957                                                     

***************************************************************************************

Келецкая

год       ЦСК             УГВИ                 чр      чс    мигр  
==== =========== ========================================== =======
1881                                         26,518  18,387          
1882                 614,711 43.1 29.9 13.2  26,518  18,388          
1883                 614,711 43.5 27.0 16.4  26,712  16,602          
1884                 643,629 40.9 24.2 16.7  26,301  15,553          
1885                 654,377 41.0 30.4 10.5  26,807  19,917          
1886                 661,267 42.7 29.8 12.8  28,208  19,726          
1887                                         27,758  15,062          
1888                 692,328 42.0 22.0 19.9  29,051  15,256          
1889                 706,860 40.1 21.1 19.0  28,372  14,907          
1890                 719,165 38.7 25.0 13.7  27,849  17,978          
1891                 737,663 42.3 22.9 19.4  31,180  16,884          
1892                 751,959 36.9 29.6  7.3  27,747  22,226          
1893                 791,321 41.9 22.8 19.1  33,158  18,018          
1894                 808,159 40.8 27.9 13.0  33,002  22,516          
1895                 821,964 41.2 22.8 18.4  33,824  18,739          
1896                 841,463 38.4 23.0 15.3  32,293  19,386    -136  
1897                 876,675 36.7 21.9 14.8  32,186  19,171     160  
1898                 898,284 34.1 20.1 14.0  30,622  18,011     184  
1899                 914,611 35.0 21.7 13.3  32,043  19,853    -160  
1900                 934,592 34.3 20.3 14.0  32,067  19,011    -234  
1901                 955,641 35.0 22.7 12.3  33,472  21,731    -153  
1902                 972,026 37.1 18.2 18.9  36,109  17,713    -325  
1903                 972,026 35.1 18.0 17.1  34,107  17,492    -779  
1904     886,100     997,057 33.0 20.4 12.5  32,883  20,389  -1,097  
1905     898,500   1,017,524 29.8 20.6  9.2  30,293  20,915  -2,746  
1906     910,900     901,702 35.9 20.1 15.8  32,350  18,121  -5,639  
1907     924,100   1,053,438 32.5 16.5 16.0  34,250  17,384  -1,430  
1908     941,000   1,069,444 30.7 16.5 14.2  32,867  17,696    -668  
1909     957,100   1,092,860 30.6 18.3 12.3  33,461  19,976    -785  
1910     965,200   1,114,520 29.8 16.4 13.4  33,207  18,279  -1,328  
1911     973,200   1,129,395 29.7 16.5 13.2  33,510  18,651    -733  
1912     992,500   1,000,820 33.8 17.8 16.0  33,848  17,864  -1,413  
1913   1,010,300     992,500                                 -1,630  
1914   1,029,800   1,010,300                                   -834  
1915   1,029,800                                               -201  

***************************************************************************************

Киевская

год       ЦСК             УГВИ                 чр      чс    мигр  
==== =========== ========================================== =======
1881                                        132,899  90,342          
1882               2,581,766 57.7 42.1 15.6 148,929 108,567          
1883               2,507,231 57.6 40.2 17.4 144,414 100,804          
1884               2,492,112 59.1 34.0 25.2 147,401  84,687          
1885               2,554,826 59.5 36.6 22.9 152,083  93,627          
1886               2,613,282 58.1 36.2 21.9 151,935  94,648          
1887                                        151,236  88,550          
1888               2,917,997 53.9 32.9 21.1 157,321  95,868          
1889               2,995,133 53.6 36.5 17.2 160,666 109,190          
1890               3,070,718 51.2 34.5 16.7 157,126 105,987          
1891               3,139,937 51.5 31.6 19.9 161,859  99,290          
1892               3,193,296 49.4 37.4 12.0 157,731 119,327          
1893               3,264,112 47.4 34.4 13.0 154,858 112,330          
1894               3,334,333 48.9 32.6 16.3 163,020 108,783          
1895               3,450,587 48.1 34.6 13.6 166,115 119,332          
1896               3,543,067 48.7 30.1 18.6 172,493 106,539  -2,666  
1897               3,564,433 50.2 28.5 21.7 178,851 101,417    -901  
1898               3,647,620 46.8 26.8 20.0 170,579  97,618  -3,858  
1899               3,633,738 47.7 29.4 18.3 173,325 106,877  -5,006  
1900               3,700,887 47.7 27.6 20.1 176,370 102,095  -5,743  
1901               3,728,408 44.0 27.2 16.8 163,885 101,286  -4,747  
1902               3,774,001 47.4 26.9 20.5 178,767 101,369  -6,259  
1903               3,943,882 43.3 24.6 18.7 170,730  97,064  -7,981  
1904   4,075,900   4,043,568 44.1 26.0 18.1 178,262 104,987 -10,011  
1905   4,148,900   4,043,568 41.6 27.5 14.1 168,118 111,293 -14,306  
1906   4,206,100   4,200,354 41.9 25.8 16.1 176,144 108,521 -24,168  
1907   4,272,800   4,252,800 43.5 25.1 18.3 184,936 106,942 -44,853  
1908   4,355,000   4,335,139 41.5 25.0 16.5 180,006 108,503 -47,972  
1909   4,425,600   4,432,584 39.1 27.4 11.7 173,412 121,426 -36,857  
1910   4,556,000   4,560,834 38.2 30.0  8.2 174,238 136,786 -22,056  
1911   4,604,200   4,645,762 39.4 22.5 16.9 183,146 104,500  -9,354  
1912   4,635,700   4,690,768 38.8 19.6 19.2 182,024  92,109 -11,642  
1913   4,663,600   4,820,069 36.3 21.6 14.7 175,104 104,327 -16,615  
1914   4,792,500   4,902,792 37.4 22.0 15.4 183,123 107,838 -11,565  
1915   4,988,000   4,855,202                                   -620  
1916   5,030,800                                                     
1917   4,574,483                                                     

***************************************************************************************

Ковенская

год       ЦСК             УГВИ                 чр      чс    мигр  
==== =========== ========================================== =======
1881                                         48,510  38,458          
1882               1,416,620 34.6 28.4  6.1  49,005  40,297          
1883               1,444,614 34.4 22.1 12.3  49,705  31,915          
1884               1,461,461 34.4 19.7 14.6  50,212  28,815          
1885               1,482,858 34.4 25.1  9.3  50,974  37,224          
1886               1,496,608 34.7 22.1 12.6  51,915  33,027          
1887                                         54,426  38,991          
1888               1,532,747 35.4 23.2 12.2  54,319  35,604          
1889               1,554,752 34.5 23.7 10.9  53,705  36,835          
1890               1,567,622 35.6 22.9 12.7  55,872  35,912          
1891               1,587,582 35.9 25.0 10.9  57,019  39,699          
1892               1,612,779 33.1 25.0  8.1  53,348  40,291          
1893               1,625,836 32.8 24.0  8.8  53,354  39,001          
1894               1,626,264 34.1 24.5  9.5  55,439  39,921          
1895               1,656,814 34.2 21.3 12.9  56,731  35,276          
1896               1,680,468 33.2 19.5 13.7  55,852  32,783  -1,422  
1897               1,549,972 35.3 23.1 12.2  54,745  35,763    -859  
1898               1,566,978 34.9 22.8 12.1  54,655  35,693  -1,758  
1899               1,573,158 35.5 23.2 12.3  55,798  36,457  -2,733  
1900               1,604,848 34.9 23.8 11.2  56,060  38,137  -3,608  
1901               1,619,206 32.8 26.7  6.1  53,122  43,243  -3,173  
1902               1,631,187 35.3 22.6 12.7  57,547  36,890  -4,821  
1903               1,628,506 31.9 21.5 10.5  52,023  34,934  -5,945  
1904   1,660,900   1,649,096 33.4 20.9 12.5  55,140  34,513  -7,704  
1905   1,681,500   1,665,581 30.5 24.7  5.8  50,816  41,124  -8,878  
1906   1,683,600   1,687,665 30.9 21.4  9.6  52,197  36,045 -10,008  
1907   1,699,900   1,680,171 30.3 20.1 10.2  50,925  33,789  -9,454  
1908   1,720,500   1,698,558 29.8 19.9  9.9  50,550  33,775  -6,415  
1909   1,750,700   1,724,694 29.5 19.6  9.9  50,795  33,749  -7,121  
1910   1,775,900   1,781,170 27.5 20.8  6.8  49,055  36,981  -9,744  
1911   1,796,700   1,781,170 26.7 18.9  7.8  47,639  33,681  -6,218  
1912   1,819,000   1,756,355 28.3 17.3 11.1  49,780  30,322  -7,476  
1913   1,841,800   1,774,046 27.1 18.2  8.9  48,010  32,211  -9,676  
1914   1,857,100   1,799,474                                 -5,627  
1915   1,871,400   1,857,100                                   -910  
1916   1,871,400                                                     
1917   1,856,073                                                     

***************************************************************************************

Костромская

год       ЦСК             УГВИ                 чр      чс    мигр  
==== =========== ========================================== =======
1881                                         59,968  43,912          
1882               1,261,710 47.9 37.8 10.1  60,484  47,751          
1883               1,278,856 46.8 37.6  9.2  59,887  48,059          
1884               1,290,399 50.6 36.8 13.7  65,285  47,548          
1885               1,308,417 44.3 38.6  5.7  57,925  50,482          
1886               1,315,860 47.8 32.1 15.7  62,867  42,178          
1887                                         62,604  44,305          
1888               1,354,162 47.4 37.1 10.3  64,132  50,244          
1889               1,367,905 45.8 41.1  4.7  62,711  56,274          
1890               1,381,792 47.8 38.6  9.3  66,118  53,333          
1891               1,394,572 47.9 29.6 18.3  66,764  41,238          
1892               1,416,077 44.4 36.7  7.6  62,808  51,993          
1893               1,426,099 48.6 31.8 16.9  69,330  45,298          
1894               1,450,121 45.4 33.8 11.6  65,864  48,980          
1895               1,467,111 47.4 33.8 13.6  69,552  49,585          
1896               1,486,314 46.0 32.7 13.4  68,437  48,589    -111  
1897               1,428,894 47.9 32.2 15.7  68,513  46,061     -46  
1898               1,449,958 48.1 37.7 10.5  69,770  54,595    -417  
1899               1,454,403 51.4 28.0 23.4  74,774  40,781    -455  
1900               1,500,729 45.7 35.9  9.8  68,626  53,900    -135  
1901               1,514,821 44.4 39.7  4.7  67,262  60,129    -683  
1902               1,521,671 49.5 32.1 17.4  75,361  48,874    -217  
1903               1,521,318 48.4 33.0 15.3  73,576  50,238    -272  
1904   1,533,800   1,547,347 50.5 28.6 21.9  78,200  44,296    -124  
1905   1,567,600   1,570,312 43.8 35.3  8.6  68,801  55,360    -123  
1906   1,596,700   1,603,965 47.1 35.7 11.4  75,544  57,307  -3,093  
1907   1,610,000   1,617,218 48.6 27.9 20.7  78,649  45,094  -3,959  
1908   1,643,800   1,634,743 43.4 30.0 13.4  70,923  48,998  -4,482  
1909   1,674,800   1,668,477 45.0 32.0 13.0  75,140  53,472    -655  
1910   1,700,900   1,690,401 46.3 33.9 12.4  78,271  57,249     -25  
1911   1,723,700   1,713,865 46.7 28.1 18.5  80,007  48,238    -300  
1912   1,745,800   1,735,205 45.0 30.6 14.4  78,006  53,037    -910  
1913   1,769,700   1,767,431 45.5 31.0 14.5  80,394  54,762    -967  
1914   1,822,600   1,784,369 47.2 28.2 19.0  84,144  50,241    -358  
1915   1,855,900   1,809,949                                    -61  
1916   1,883,800                                                     
1917   1,823,272                                                     

***************************************************************************************

Кубанская обл.

год       ЦСК             УГВИ                 чр      чс    мигр  
==== =========== ========================================== =======
1886                                         74,512  53,082          
1887                                         81,226  55,356          
1888               1,286,622 64.7 41.1 23.7  83,293  52,845          
1889               1,350,054 62.9 41.7 21.3  84,968  56,273          
1890               1,398,112 64.5 45.2 19.3  90,231  63,243          
1891               1,482,889 61.6 44.9 16.7  91,303  66,594          
1892               1,544,358 62.0 63.4 -1.4  95,825  97,961          
1893               1,585,510 57.5 35.3 22.2  91,164  55,941          
1894               1,646,698 59.8 35.7 24.1  98,504  58,828          
1895               1,652,531 67.2 45.4 21.8 110,986  74,990          
1896               1,693,581 69.2 33.8 35.5 117,278  57,180      56  
1897               1,826,323 58.9 38.8 20.2 107,630  70,807     118  
1898               1,862,599 55.9 34.0 21.9 104,088  63,237     130  
1899               1,888,583 56.0 33.5 22.6 105,829  63,216     176  
1900               1,916,165 57.1 31.7 25.5 109,495  60,684      62  
1901               1,960,801 54.9 30.7 24.2 107,727  60,201     445  
1902               1,996,324 60.4 33.7 26.7 120,483  67,195     273  
1903               2,098,299 60.0 33.0 27.0 125,884  69,245     -62  
1904   2,163,300   2,165,493 58.8 31.0 27.8 127,263  67,151       6  
1905   2,223,400   2,248,220 56.2 33.2 23.1 126,404  74,578    -257  
1906   2,275,400   2,308,926 54.9 27.2 27.7 126,748  62,719  -1,228  
1907   2,327,000   2,381,500 57.4 29.9 27.5 136,639  71,098  -1,117  
1908   2,388,100   2,458,969 56.7 36.1 20.6 139,542  88,878  -2,053  
1909   2,501,300   2,519,883 55.1 34.7 20.4 138,822  87,372  -4,419  
1910   2,625,800   2,605,585 56.7 41.2 15.4 147,704 107,479  -1,550  
1911   2,731,100   2,697,816 54.5 30.9 23.6 146,966  83,342    -814  
1912   2,830,200   2,836,181 54.4 28.1 26.3 154,406  79,791  -3,081  
1913   2,911,800   2,941,429 52.0 27.6 24.4 152,991  81,164  -3,004  
1914   2,984,500   2,911,800 52.9 29.5 23.5 154,045  85,762  -2,745  
1915   3,051,200   2,984,500                                    614  
1916   3,109,700                                                     
1917   2,625,011                                                     

***************************************************************************************

Курляндская

год       ЦСК             УГВИ                 чр      чс    мигр  
==== =========== ========================================== =======
1881                                         18,806  12,937          
1882                 688,440 27.1 19.8  7.3  18,656  13,626          
1883                 642,570 30.1 19.6 10.6  19,373  12,585          
1884                 637,028 30.3 18.3 12.0  19,291  11,641          
1885                 656,496 30.0 20.3  9.7  19,705  13,358          
1886                 662,843 29.1 18.7 10.5  19,307  12,364          
1887                                         19,365  11,973          
1888                 676,582 26.4 18.6  7.8  17,877  12,570          
1889                 688,953 28.6 17.5 11.1  19,680  12,062          
1890                 704,918 28.1 17.2 10.9  19,825  12,125          
1891                 712,700 26.9 17.1  9.7  19,147  12,208          
1892                 711,900 27.3 18.0  9.3  19,400  12,786          
1893                 718,514 26.5 17.3  9.2  19,049  12,462          
1894                 724,909 26.5 18.3  8.3  19,246  13,253          
1895                 739,610 26.0 17.7  8.3  19,226  13,080          
1896                 743,862 25.9 17.9  8.0  19,266  13,349    -190  
1897                 637,306 30.3 21.0  9.2  19,280  13,385    -206  
1898                 677,977 28.5 19.3  9.1  19,302  13,111      57  
1899                 686,024 28.8 17.8 11.0  19,730  12,205     337  
1900                 683,549 27.9 19.1  8.8  19,062  13,042     -17  
1901                 694,291 28.0 19.9  8.1  19,457  13,814     239  
1902                 699,986 27.6 18.9  8.7  19,298  13,220    -299  
1903                 694,600 28.2 17.8 10.4  19,587  12,385    -459  
1904     702,100     700,578 27.0 19.5  7.5  18,916  13,670    -849  
1905     708,700     707,780 27.8 19.5  8.3  19,710  13,810  -1,072  
1906     714,200     713,026 26.1 17.9  8.3  18,624  12,732  -1,041  
1907     720,000     719,600 23.4 16.0  7.4  16,825  11,515  -1,533  
1908     727,300     714,200 21.7 16.0  5.7  15,509  11,433    -599  
1909     734,300     727,300 21.8 16.9  4.9  15,828  12,293    -375  
1910     741,200     739,053 26.3 17.9  8.4  19,473  13,230  -1,806  
1911     749,100     779,379 24.8 16.5  8.3  19,360  12,878    -629  
1912     758,800     777,473 24.1 16.0  8.1  18,767  12,452    -562  
1913     783,100     769,118 25.0 18.0  7.0  19,256  13,862    -926  
1914     798,300     781,453                                   -823  
1915     812,300     798,300                                   -313  
1916     812,300                                                     
1917     761,490                                                     

***************************************************************************************

Курская

год       ЦСК             УГВИ                 чр      чс    мигр  
==== =========== ========================================== =======
1881                                        112,426  78,142          
1882               2,273,930 51.9 49.2  2.7 117,917 111,831          
1883               2,314,179 49.8 37.9 11.9 115,184  87,741          
1884               2,120,250 56.3 46.2 10.0 119,271  98,026          
1885               2,362,988 51.0 34.6 16.4 120,578  81,739          
1886               2,401,827 47.2 30.1 17.2 113,412  72,189          
1887                                        117,522  72,432          
1888               2,433,374 50.1 30.2 19.9 121,877  73,397          
1889               2,513,700 47.7 31.8 15.9 119,967  80,056          
1890               2,546,846 44.6 35.0  9.6 113,684  89,245          
1891               2,561,031 47.9 35.3 12.6 122,565  90,306          
1892               2,584,201 42.2 37.5  4.7 109,091  97,021          
1893               2,592,028 44.8 38.9  5.9 116,165 100,841          
1894               2,603,963 43.0 36.1  6.9 112,002  94,098          
1895               2,617,024 48.3 33.7 14.6 126,446  88,322          
1896               2,646,743 47.4 31.6 15.8 125,497  83,706 -12,125  
1897               2,394,894 53.4 35.4 18.0 127,938  84,756  -2,567  
1898               2,436,447 49.0 35.6 13.4 119,398  86,820  -8,967  
1899               2,458,154 52.0 34.7 17.3 127,886  85,398 -13,591  
1900               2,475,542 53.1 33.9 19.2 131,423  84,009 -14,683  
1901               2,534,285 49.8 32.4 17.4 126,325  82,193  -3,710  
1902               2,574,308 52.4 31.4 21.1 134,962  80,754  -1,396  
1903               2,621,290 52.6 31.6 21.0 137,914  82,946  -1,807  
1904   2,690,800   2,676,258 52.5 29.5 23.0 140,630  78,951    -501  
1905   2,752,000   2,737,706 49.9 31.5 18.4 136,690  86,244    -657  
1906   2,797,000   2,677,772 49.1 33.6 15.5 131,380  89,841  -2,694  
1907   2,846,100   2,733,395 49.7 30.0 19.7 135,849  82,020 -15,855  
1908   2,903,200   2,875,021 45.1 28.7 16.5 129,721  82,397 -48,557  
1909   2,959,200   2,896,063 35.0 21.6 13.4 101,460  62,643 -62,241  
1910   3,016,700   2,900,459 46.7 29.4 17.4 135,596  85,230 -10,643  
1911   3,074,700   2,917,240 47.3 29.1 18.2 138,034  84,853    -491  
1912   3,133,500   2,959,208 46.1 28.2 17.9 136,501  83,420  -1,608  
1913   3,190,700   3,010,013 48.2 29.2 18.9 145,050  88,041  -3,658  
1914   3,256,600   3,065,857 38.8 26.9 11.9 118,965  82,335  -6,744  
1915   3,276,200   3,121,260                                   -766  
1916   3,292,600                                                     
1917   3,227,699                                                     

***************************************************************************************

Кутаисская

год       ЦСК             УГВИ                 чр      чс    мигр  
==== =========== ========================================== =======
1886                                         23,529   7,646          
1887                                         24,147   9,673          
1888                 955,000 28.1 13.7 14.4  26,825  13,075          
1889                 959,715 29.6 17.4 12.3  28,416  16,657          
1890                 948,045 31.8 19.9 11.8  30,108  18,909          
1891                 953,870 32.8 18.1 14.7  31,290  17,245          
1892                 965,511 32.8 18.0 14.9  31,692  17,335          
1893                 978,944 30.2 17.1 13.2  29,609  16,726          
1894                 991,927 30.0 17.4 12.6  29,736  17,249          
1895               1,073,688 30.0 16.3 13.6  32,163  17,530          
1896               1,088,321 27.1 16.0 11.1  29,470  17,424      -4  
1897               1,069,969 24.0 14.8  9.2  25,668  15,865      91  
1898               1,085,871 28.5 16.8 11.7  30,941  18,265     116  
1899               1,108,278 27.7 17.8  9.9  30,744  19,748      33  
1900               1,120,044 28.4 17.9 10.6  31,845  20,027      -4  
1901               1,131,290 22.5 14.4  8.1  25,459  16,307      27  
1902               1,141,600 46.0 15.6 30.5  52,556  17,762      -1  
1903               1,158,772 21.4 11.1 10.3  24,742  12,816     -47  
1904     900,300     854,245                                    -99  
1905     912,000     878,987                                   -217  
1906     924,800     879,458 29.1 14.3 14.8  25,582  12,568    -319  
1907     937,700     916,283 26.9 16.0 10.9  24,658  14,628     -89  
1908     955,100     939,906 29.9 18.3 11.7  28,137  17,166     259  
1909     970,400   1,092,282 26.1 15.6 10.5  28,562  17,056       3  
1910     990,800   1,102,837 26.3 16.6  9.7  29,044  18,357     -44  
1911   1,008,500   1,103,329 27.1 14.2 13.0  29,939  15,618       9  
1912   1,025,000   1,113,291 27.5 14.8 12.6  30,609  16,526     -65  
1913   1,041,500   1,158,422 24.1 12.4 11.8  27,941  14,312     -27  
1914   1,067,700   1,204,497 23.8 13.0 10.7  28,622  15,702     -86  
1915   1,070,300   1,233,460                                    -30  
1916   1,073,700                                                     
1917   1,087,715                                                     

***************************************************************************************

Лифляндская

год       ЦСК             УГВИ                 чр      чс    мигр  
==== =========== ========================================== =======
1881                                         37,403  27,440          
1882               1,860,787 20.4 14.8  5.6  37,916  27,459          
1883               1,173,951 32.7 21.9 10.8  38,363  25,725          
1884               1,186,607 31.1 21.5  9.7  36,929  25,469          
1885               1,198,058 30.7 22.5  8.2  36,758  26,993          
1886               1,207,823 30.3 21.0  9.3  36,602  25,418          
1887                                         36,315  25,477          
1888               1,229,468 29.6 21.2  8.4  36,395  26,105          
1889               1,239,758 30.4 23.1  7.3  37,633  28,637          
1890               1,248,579 29.1 20.0  9.1  36,361  25,016          
1891               1,260,653 29.4  4.1 25.4  37,124   5,130          
1892               1,282,199 26.8 19.5  7.3  34,402  25,029          
1893               1,286,623 27.8 21.1  6.7  35,708  27,110          
1894               1,295,780 27.4 19.2  8.2  35,501  24,900          
1895               1,306,412 28.5 19.7  8.7  37,204  25,773          
1896               1,329,271 28.5 19.5  9.0  37,818  25,915     558  
1897               1,300,401 29.9 23.0  6.9  38,834  29,907    -115  
1898               1,308,844 30.3 19.1 11.1  39,635  25,055     465  
1899               1,326,202 29.4 19.8  9.6  38,973  26,276   1,418  
1900               1,338,899 29.7 20.8  8.8  39,720  27,915     379  
1901               1,350,704 29.1 21.3  7.8  39,332  28,753   1,354  
1902               1,361,283 28.9 18.9 10.0  39,348  25,737      72  
1903               1,374,894 27.2 19.4  7.8  37,430  26,735    -295  
1904   1,387,800   1,385,600 27.2 19.1  8.1  37,646  26,403    -121  
1905   1,399,000   1,396,842 24.1 21.2  2.9  33,701  29,654    -246  
1906   1,411,000   1,400,889 24.8 18.1  6.7  34,805  25,375    -222  
1907   1,420,600   1,410,319 25.1 19.2  5.9  35,373  27,067  -2,262  
1908   1,431,900   1,418,679 23.8 18.2  5.6  33,743  25,828  -1,067  
1909   1,443,700   1,426,594 23.6 18.2  5.3  33,656  26,028    -209  
1910   1,455,400   1,434,222 23.1 18.3  4.9  33,179  26,194  -3,736  
1911   1,466,900   1,438,230 22.2 17.8  4.4  31,925  25,531      63  
1912   1,479,700   1,444,624 23.9 18.6  5.3  34,481  26,888     627  
1913   1,492,800   1,452,217 22.0 17.2  4.8  31,928  24,996     -52  
1914   1,744,000   1,459,149 21.0 17.1  3.9  30,601  24,966    -844  
1915   1,778,500   1,564,784                                   -567  
1916   1,795,400                                                     
1917     825,658                                                     

***************************************************************************************

Ломжинская

год       ЦСК             УГВИ                 чр      чс    мигр  
==== =========== ========================================== =======
1881                                         21,886  14,995          
1882                 542,237 39.0 35.0  4.0  21,139  18,975          
1883                 546,785 37.7 24.7 13.1  20,622  13,485          
1884                 563,586 38.4 25.9 12.6  21,661  14,575          
1885                 575,004 39.1 29.4  9.8  22,508  16,887          
1886                 594,129 39.6 24.9 14.7  23,543  14,794          
1887                                         24,023  16,653          
1888                 608,683 40.0 28.9 11.1  24,364  17,620          
1889                 611,798 43.4 30.1 13.3  26,560  18,439          
1890                 638,046 40.6 28.7 11.9  25,903  18,319          
1891                 643,795 40.6 25.4 15.1  26,121  16,374          
1892                 665,763 36.5 31.6  4.9  24,307  21,060          
1893                 687,220 39.4 27.6 11.8  27,100  18,982          
1894                 696,322 32.0 22.4  9.6  22,293  15,577          
1895                 595,435 38.4 22.9 15.5  22,863  13,646          
1896                 605,630 39.3 21.9 17.4  23,788  13,251  -1,765  
1897                 616,720 36.9 23.5 13.4  22,734  14,464  -1,344  
1898                 628,085 39.9 26.5 13.4  25,085  16,646  -2,083  
1899                 641,086 34.3 24.7  9.6  21,990  15,817  -3,256  
1900                 650,388 35.0 21.3 13.7  22,793  13,866  -3,878  
1901                 659,484 33.1 20.5 12.6  21,821  13,512  -4,693  
1902                 667,293 33.5 19.6 13.9  22,336  13,071  -6,221  
1903                 670,051 30.8 20.8  9.9  20,618  13,959  -6,489  
1904     637,200     679,220 32.0 20.6 11.3  21,710  14,025  -7,542  
1905     644,800     690,235 28.6 18.4 10.3  19,758  12,671  -9,041  
1906     653,100     610,292 32.4 19.9 12.4  19,751  12,158 -11,186  
1907     660,500     711,361 28.3 15.9 12.4  20,126  11,340  -9,197  
1908     670,600     721,861 27.5 15.5 12.0  19,829  11,182  -5,945  
1909     679,400     670,600 25.9 18.5  7.4  17,386  12,438  -9,573  
1910     683,600     741,324 25.3 17.8  7.5  18,760  13,206 -10,099  
1911     688,500     744,155 26.7 16.2 10.4  19,843  12,069  -7,764  
1912     694,400     716,361 29.3 16.5 12.9  20,998  11,785 -15,042  
1913     805,700     768,491                                -16,648  
1914     819,700     805,700                                 -6,054  
1915     819,700                                               -184  

***************************************************************************************

Люблинская

год       ЦСК             УГВИ                 чр      чс    мигр  
==== =========== ========================================== =======
1881                                         34,520  25,582          
1882                 860,382 38.0 24.6 13.4  32,709  21,208          
1883                 847,907 41.1 25.8 15.3  34,841  21,886          
1884                 882,616 41.6 24.8 16.8  36,707  21,909          
1885                 903,662 44.9 25.5 19.4  40,539  23,050          
1886                 925,497 41.7 24.7 17.0  38,578  22,859          
1887                                         40,847  24,406          
1888                 979,700 41.5 26.5 15.0  40,623  25,914          
1889               1,064,900 38.8 24.2 14.6  41,335  25,789          
1890               1,049,686 41.7 25.0 16.7  43,814  26,245          
1891               1,059,959 40.5 24.4 16.1  42,981  25,884          
1892               1,091,829 38.2 27.1 11.1  41,731  29,573          
1893               1,116,298 40.3 24.1 16.2  44,986  26,946          
1894               1,161,847 38.9 23.9 15.0  45,230  27,760          
1895               1,153,000 38.6 23.2 15.5  44,537  26,711          
1896               1,176,389 38.6 21.4 17.2  45,426  25,220     215  
1897               1,204,855 37.6 21.3 16.2  45,285  25,714   1,623  
1898               1,237,542 47.8 24.1 23.7  59,166  29,827   2,237  
1899               1,236,129 42.6 24.6 17.9  52,635  30,464     738  
1900               1,267,694 41.5 23.1 18.4  52,608  29,302     978  
1901               1,325,262 42.5 24.7 17.8  56,315  32,706   1,360  
1902               1,353,543 41.0 21.5 19.4  55,429  29,108   1,048  
1903               1,353,543 39.5 23.6 15.9  53,443  31,928    -264  
1904   1,319,600   1,380,777 38.4 23.9 14.6  53,087  32,967    -784  
1905   1,340,600   1,430,049 37.4 22.9 14.5  53,495  32,805  -9,394  
1906   1,362,500   1,389,383 37.4 22.0 15.4  51,951  30,552 -25,023  
1907   1,389,600   1,487,586 34.8 20.5 14.3  51,824  30,480  -2,240  
1908   1,414,000   1,480,768 34.7 20.9 13.8  51,456  30,949    -899  
1909   1,436,600   1,506,717 32.7 20.2 12.6  49,311  30,381  -1,828  
1910   1,508,300   1,497,020 35.1 20.8 14.4  52,582  31,081  -2,747  
1911   1,556,000   1,597,030 31.6 17.7 13.9  50,468  28,282      77  
1912   1,575,100   1,624,206 29.6 15.8 13.9  48,147  25,619  -2,687  
1913   1,452,400   1,670,621 27.7 15.4 12.3  46,233  25,649  -2,848  
1914   1,481,000   1,634,113                                   -696  
1915   1,481,000                                               -627  

***************************************************************************************

Минская

год       ЦСК             УГВИ                 чр      чс    мигр  
==== =========== ========================================== =======
1881                                         64,831  44,837          
1882               1,554,160 46.7 30.1 16.6  72,649  46,828          
1883               1,569,342 44.4 25.7 18.7  69,714  40,325          
1884               1,591,767 42.7 25.6 17.1  67,939  40,733          
1885               1,625,329 45.2 26.6 18.6  73,424  43,170          
1886               1,646,135 45.0 23.8 21.2  74,054  39,136          
1887                                         74,054  39,136          
1888               1,680,615 45.1 26.9 18.2  75,862  45,253          
1889               1,712,274 49.0 26.7 22.3  83,934  45,759          
1890               1,751,380 48.4 28.1 20.3  84,804  49,170          
1891               1,794,560 47.7 27.0 20.6  85,520  48,516          
1892               1,830,445 46.6 26.6 20.0  85,236  48,679          
1893               1,879,442 49.1 26.3 22.8  92,351  49,423          
1894               1,913,647 48.2 27.4 20.9  92,320  52,380          
1895               1,953,535 48.9 27.1 21.8  95,607  52,947          
1896               2,007,235 47.7 27.5 20.2  95,792  55,236  -1,799  
1897               2,156,343 46.0 28.3 17.7  99,183  61,014  -1,526  
1898               2,191,364 45.7 24.4 21.3 100,046  53,425  -5,942  
1899               2,238,021 46.0 24.3 21.7 102,961  54,328  -4,109  
1900               2,286,663 47.4 24.0 23.4 108,292  54,782  -6,842  
1901               2,340,454 45.0 25.5 19.5 105,368  59,714  -4,493  
1902               2,356,201 47.4 24.8 22.6 111,597  58,361  -6,110  
1903               2,436,885 44.2 24.8 19.3 107,594  60,548  -7,837  
1904   2,492,800   2,480,671 43.2 24.4 18.7 107,119  60,622  -6,212  
1905   2,539,100   2,526,821 40.9 24.1 16.8 103,321  60,893  -8,350  
1906   2,581,400   2,569,249 41.6 21.4 20.3 106,988  54,943 -12,849  
1907   2,633,600   2,621,294 42.2 20.9 21.3 110,620  54,884 -30,038  
1908   2,693,900   2,666,312 39.8 20.5 19.3 106,204  54,648 -24,287  
1909   2,755,900   2,731,476 39.6 19.5 20.1 108,119  53,291 -11,147  
1910   2,813,400   2,772,589 39.0 21.1 17.9 108,168  58,445  -8,149  
1911   2,868,900   2,822,312 38.4 18.6 19.8 108,379  52,542  -6,782  
1912   2,926,200   2,878,149 39.0 18.2 20.8 112,311  52,331  -8,469  
1913   2,979,400   2,938,129 37.3 18.8 18.5 109,690  55,376 -10,705  
1914   3,035,800   2,992,443 36.9 20.1 16.8 110,416  60,057  -7,402  
1915   3,070,900   3,042,802                                   -563  
1916   3,095,400                                                     
1917   3,070,363                                                     

***************************************************************************************

Могилевская

год       ЦСК             УГВИ                 чр      чс    мигр  
==== =========== ========================================== =======
1881                                         54,859  32,378          
1882               1,117,398 53.6 30.6 22.9  59,846  34,239          
1883               1,119,752 53.2 28.3 24.8  59,531  31,728          
1884               1,170,495 49.4 31.2 18.2  57,794  36,477          
1885               1,206,311 52.9 30.0 22.9  63,812  36,205          
1886               1,234,211 51.8 26.8 24.9  63,889  33,118          
1887                                         63,399  35,770          
1888               1,294,116 53.4 25.8 27.6  69,060  33,339          
1889               1,326,468 51.2 27.6 23.6  67,930  36,616          
1890               1,356,116 51.3 29.8 21.5  69,583  40,393          
1891               1,415,258 51.8 30.8 21.0  73,348  43,587          
1892               1,418,690 51.3 28.3 23.0  72,838  40,160          
1893               1,445,741 53.2 27.9 25.3  76,901  40,341          
1894               1,479,457 51.3 27.7 23.6  75,888  40,998          
1895               1,512,144 52.5 26.6 25.9  79,451  40,233          
1896               1,550,586 49.5 29.6 19.8  76,724  45,951  -2,093  
1897               1,707,613 45.6 27.6 17.9  77,790  47,158  -2,746  
1898               1,736,324 46.7 23.0 23.7  81,100  39,877  -8,447  
1899               1,777,881 45.9 22.3 23.6  81,549  39,644  -6,028  
1900               1,819,305 46.7 25.2 21.5  85,030  45,910 -12,541  
1901               1,849,045 44.0 26.1 17.9  81,292  48,272  -7,585  
1902               1,880,853 48.4 24.6 23.9  91,107  46,183  -8,836  
1903               1,918,069 42.9 24.1 18.8  82,305  46,164 -13,004  
1904   1,954,400   1,959,414 44.1 24.6 19.5  86,378  48,129  -4,432  
1905   1,992,600   1,995,555 41.4 25.5 15.9  82,648  50,980  -5,794  
1906   2,024,300   2,012,874 41.9 22.0 19.9  84,273  44,260 -13,932  
1907   2,065,400   2,069,418 43.4 20.4 23.0  89,905  42,224 -49,006  
1908   2,114,600   2,128,542 38.6 20.8 17.8  82,155  44,347 -50,772  
1909   2,164,800   2,166,945 37.9 20.1 17.8  82,181  43,633 -28,220  
1910   2,214,900   2,178,831 37.9 21.9 16.1  82,626  47,633 -12,447  
1911   2,261,500   2,263,950 37.9 17.9 20.0  85,851  40,510 -10,182  
1912   2,307,200   2,292,309 36.9 18.2 18.8  84,690  41,635 -10,862  
1913   2,350,700   2,301,039 37.7 19.4 18.3  86,679  44,621 -11,887  
1914   2,465,600   2,391,909 37.1 19.1 18.1  88,800  45,588  -7,872  
1915   2,551,400   2,416,113                                   -179  
1916   2,581,400                                                     
1917   2,279,195                                                     

***************************************************************************************

Московская

год       ЦСК             УГВИ                 чр      чс    мигр  
==== =========== ========================================== =======
1881                                         63,532  54,756          
1882               1,187,491 78.3 82.8 -4.5  93,025  98,369          
1883               2,137,179 44.4 37.8  6.6  94,882  80,830          
1884               2,161,854 44.6 35.5  9.1  96,507  76,756          
1885               2,175,906 43.6 44.1 -0.5  94,784  95,890          
1886               2,183,586 30.0 27.5  2.5  65,550  60,115          
1887                                         65,824  57,756          
1888               1,457,322 47.6 35.8 11.9  69,416  52,131          
1889               1,479,259 45.4 39.8  5.6  67,164  58,932          
1890               1,493,040 46.6 42.5  4.1  69,504  63,386          
1891               1,513,792 47.9 39.3  8.7  72,581  59,480          
1892               1,519,125 45.8 39.4  6.4  69,506  59,841          
1893               1,532,039 45.9 38.8  7.2  70,386  59,393          
1894               1,536,781 46.4 36.9  9.5  71,292  56,671          
1895               1,527,445 47.1 42.4  4.8  72,005  64,703          
1896               1,541,936 48.5 37.6 10.9  74,752  57,944     987  
1897               1,574,746 46.6 41.2  5.4  73,341  64,894   2,135  
1898               1,622,545 45.0 36.3  8.6  72,969  58,952   2,084  
1899               1,678,018 45.4 30.7 14.7  76,196  51,518   2,126  
1900               1,681,827 45.5 34.2 11.3  76,494  57,522   1,516  
1901               1,723,500 45.0 37.0  8.0  77,619  63,795   2,099  
1902               1,766,077 46.6 29.1 17.5  82,305  51,455   1,229  
1903               1,797,366 43.7 34.2  9.5  78,465  61,437   1,339  
1904               1,804,135 46.5 29.9 16.6  83,879  53,859     901  
1905               1,809,994 41.6 36.5  5.1  75,240  66,081     367  
1906               1,640,482 48.5 33.5 15.0  79,537  54,888     -41  
1907               1,668,493 47.9 31.7 16.2  79,917  52,911   1,114  
1908               1,684,613 44.8 32.2 12.6  75,404  54,172   1,659  
1909               1,708,996 46.1 36.3  9.8  78,750  61,993   1,737  
1910               1,727,860 45.0 33.6 11.4  77,812  58,080    -400  
1911               1,745,811 46.4 29.7 16.7  80,965  51,823   1,540  
1912               1,770,238 45.8 30.5 15.4  81,101  53,911   1,798  
1913               1,798,403 44.1 31.9 12.2  79,333  57,392   2,192  
1914               1,822,969 44.9 29.7 15.2  81,920  54,156     -70  
1915               1,866,316                                   -366  

***************************************************************************************

Нижегородская

год       ЦСК             УГВИ                 чр      чс    мигр  
==== =========== ========================================== =======
1881                                         76,113  54,971          
1882               1,411,159 58.2 46.9 11.2  82,096  66,223          
1883               1,427,893 53.9 46.1  7.8  77,004  65,890          
1884               1,434,331 56.7 42.4 14.4  81,344  60,744          
1885               1,454,790 54.3 41.4 12.8  78,981  60,301          
1886               1,469,451 55.8 38.3 17.5  81,925  56,263          
1887                                         82,440  64,252          
1888               1,513,318 56.5 41.1 15.4  85,519  62,216          
1889               1,523,529 53.6 44.2  9.3  81,613  67,395          
1890               1,551,229 53.0 44.6  8.4  82,265  69,179          
1891               1,551,458 52.0 43.6  8.3  80,631  67,714          
1892               1,569,462 48.9 44.2  4.8  76,809  69,315          
1893               1,580,635 51.2 41.6  9.7  81,007  65,727          
1894               1,586,764 51.8 40.1 11.7  82,166  63,591          
1895               1,622,122 52.6 41.1 11.4  85,262  66,709          
1896               1,647,571 53.1 39.1 14.0  87,448  64,429    -333  
1897               1,603,034 56.0 37.1 19.0  89,817  59,410     -48  
1898               1,628,379 53.5 42.5 10.9  87,081  69,272  -1,354  
1899               1,691,698 52.2 37.4 14.8  88,252  63,275  -1,532  
1900               1,721,136 52.6 38.1 14.4  90,482  65,633    -559  
1901               1,760,480 52.1 35.3 16.7  91,654  62,212    -685  
1902               1,787,069 52.4 37.5 14.9  93,653  67,059    -668  
1903               1,787,061 52.9 36.5 16.4  94,447  65,178    -215  
1904   1,767,600   1,812,948 51.1 33.4 17.7  92,621  60,540    -177  
1905   1,799,500   1,811,171 49.6 36.3 13.3  89,788  65,747    -101  
1906   1,823,600   1,835,555 50.5 34.9 15.7  92,733  64,004    -933  
1907   1,867,900   1,874,084 50.8 34.4 16.4  95,225  64,499  -1,302  
1908   1,924,900   1,903,912 50.5 34.6 15.9  96,117  65,837  -1,196  
1909   1,976,800   1,946,092 50.7 34.5 16.1  98,594  67,230    -959  
1910   1,999,300   1,959,855 50.8 33.8 17.0  99,568  66,229    -120  
1911   2,017,000   2,003,711 48.2 32.0 16.3  96,669  64,084    -479  
1912   2,034,900   2,047,341 46.7 29.7 17.1  95,662  60,723  -1,085  
1913   2,052,700   2,076,243 45.5 31.9 13.6  94,534  66,329    -872  
1914   2,066,800   2,118,358 45.8 28.4 17.3  96,923  60,172    -744  
1915   2,081,200   2,083,789                                    -35  
1916   2,095,800                                                     
1917   2,186,295                                                     

***************************************************************************************

Новгородская

год       ЦСК             УГВИ                 чр      чс    мигр  
==== =========== ========================================== =======
1881                                         48,131  34,172          
1882               1,107,571 42.4 34.6  7.8  46,910  38,313          
1883               1,127,881 46.0 37.5  8.5  51,925  42,325          
1884               1,144,852 47.0 33.2 13.8  53,783  37,972          
1885               1,158,995 43.5 38.7  4.8  50,424  44,808          
1886               1,162,999 45.4 33.1 12.3  52,752  38,504          
1887                                         55,116  36,728          
1888               1,213,058 44.0 30.3 13.7  53,415  36,752          
1889               1,240,665 42.5 35.9  6.6  52,788  44,559          
1890               1,258,668 44.2 32.7 11.4  55,572  41,175          
1891               1,276,110 46.4 30.2 16.2  59,179  38,557          
1892               1,311,129 40.5 31.1  9.4  53,096  40,765          
1893               1,302,614 41.2 29.3 12.0  53,695  38,112          
1894               1,321,972 42.3 30.0 12.3  55,970  39,700          
1895               1,352,502 42.2 31.8 10.4  57,057  43,006          
1896               1,364,216 43.2 31.0 12.2  58,980  42,356    -346  
1897               1,392,931 42.1 28.4 13.7  58,624  39,568    -166  
1898               1,410,532 42.9 30.2 12.7  60,558  42,601      39  
1899               1,435,262 43.4 27.2 16.2  62,290  38,994      31  
1900               1,477,203 40.0 30.2  9.8  59,128  44,657     122  
1901               1,488,546 40.9 32.2  8.7  60,951  47,951     122  
1902               1,495,307 44.8 27.3 17.5  67,054  40,819      28  
1903               1,516,581 37.3 29.8  7.4  56,505  45,247      -3  
1904   1,509,000   1,525,728 43.3 28.3 15.0  66,066  43,252     -14  
1905   1,532,000   1,509,000 37.1 32.7  4.4  55,960  49,375     -75  
1906   1,555,700   1,542,698 41.3 28.3 13.0  63,666  43,591    -315  
1907   1,578,900   1,521,856 43.5 26.8 16.8  66,268  40,733    -384  
1908   1,607,000   1,542,075 39.8 28.8 11.1  61,438  44,352    -465  
1909   1,628,600   1,568,366 40.6 29.7 10.9  63,639  46,580    -753  
1910   1,638,500   1,585,507 41.8 30.4 11.4  66,310  48,171    -439  
1911   1,642,200   1,602,566 42.2 26.9 15.2  67,553  43,145    -188  
1912   1,646,400   1,620,705 42.5 28.9 13.6  68,874  46,839    -464  
1913   1,653,400   1,645,113 43.0 29.4 13.6  70,721  48,320    -322  
1914   1,671,500   1,667,068 44.8 26.1 18.6  74,621  43,554     -32  
1915   1,729,300   1,689,469                                    -82  
1916   1,774,500                                                     
1917   1,711,892                                                     

***************************************************************************************

Область войска Донского

год       ЦСК             УГВИ                 чр      чс    мигр  
==== =========== ========================================== =======
1881                                         78,503  41,812          
1882                                         85,159  55,955          
1883               1,474,133 60.1 41.5 18.7  88,642  61,146          
1884               1,493,078 63.2 35.1 28.2  94,416  52,334          
1885               1,528,857 62.6 33.3 29.3  95,692  50,935          
1886                                         89,444  58,423          
1887                                         82,284  65,311          
1888               1,613,363 91.3 41.6 49.7 147,277  67,072          
1889               1,962,369 59.8 37.7 22.1 117,336  74,030          
1890               2,006,157 58.2 34.5 23.7 116,779  69,145          
1891               2,078,878 58.5 39.3 19.1 121,533  81,789          
1892               2,090,219 56.5 61.1 -4.6 118,112 127,785          
1893               2,122,372 59.2 32.2 27.0 125,690  68,329          
1894               2,168,784 61.1 35.1 26.0 132,478  76,105          
1895               2,222,755 61.0 39.8 21.2 135,496  88,366          
1896               2,267,947 60.3 37.4 22.9 136,703  84,863    -199  
1897               2,375,818 59.7 33.7 26.0 141,802  80,021     470  
1898               2,432,860 55.3 33.8 21.6 134,628  82,150      65  
1899               2,468,576 58.0 32.8 25.3 143,294  80,950    -453  
1900               2,544,428 57.9 31.0 26.8 147,233  78,923    -669  
1901               2,629,752 52.4 30.0 22.4 137,886  78,983     544  
1902               2,682,692 56.9 35.9 21.0 152,674  96,350    -230  
1903               2,722,697 58.0 35.3 22.7 157,973  96,100    -609  
1904   2,988,300   2,779,705 58.2 30.2 28.1 161,815  83,833    -762  
1905   3,066,200   2,836,974 55.1 36.0 19.1 156,415 102,139  -1,610  
1906   3,125,400   2,878,035 52.3 31.1 21.3 150,634  89,437  -5,370  
1907   3,188,100   2,866,209 55.6 33.7 21.9 159,339  96,536  -8,282  
1908   3,259,400   2,977,686 53.7 35.0 18.7 159,866 104,193  -7,462  
1909   3,395,900   3,111,221 53.6 34.8 18.7 166,698 108,406  -6,219  
1910   3,496,300   3,158,563 54.8 45.4  9.5 173,171 143,253  -3,309  
1911   3,591,900   3,234,160 54.7 30.4 24.3 176,751  98,226    -874  
1912   3,691,300   3,321,058 52.6 26.2 26.4 174,732  87,175  -4,046  
1913   3,785,000   3,393,922 50.7 29.2 21.5 172,187  99,138  -8,910  
1914   3,876,000   3,669,288 45.8 26.8 18.9 168,001  98,490  -6,643  
1915   4,013,400   3,445,908                                    406  
1916   4,055,600                                                     
1917   3,664,797                                                     

***************************************************************************************

Олонецкая

год       ЦСК             УГВИ                 чр      чс    мигр  
==== =========== ========================================== =======
1881                                         15,632  11,573          
1882                 321,027 48.2 38.7  9.5  15,478  12,417          
1883                 327,323 52.2 35.3 16.9  17,077  11,554          
1884                 327,043 51.2 41.6  9.6  16,738  13,589          
1885                 330,748 47.9 47.1  0.9  15,847  15,563          
1886                 334,658 49.3 35.7 13.5  16,492  11,962          
1887                                         17,170  10,502          
1888                 341,568 49.2 35.4 13.8  16,797  12,080          
1889                 345,283 47.2 39.5  7.6  16,286  13,647          
1890                 351,571 49.4 34.9 14.5  17,367  12,258          
1891                 362,131 48.2 35.4 12.8  17,441  12,810          
1892                 363,955 42.1 38.9  3.2  15,337  14,175          
1893                 361,220 42.9 37.9  5.0  15,492  13,696          
1894                 366,476 40.4 37.2  3.2  14,820  13,632          
1895                 371,617 44.9 31.3 13.6  16,686  11,628          
1896                 376,102 44.3 33.9 10.4  16,651  12,755      -3  
1897                 366,647 46.8 32.6 14.2  17,173  11,951      -1  
1898                 371,536 47.9 33.7 14.2  17,802  12,519      -3  
1899                 385,787 46.4 29.9 16.5  17,914  11,551      -5  
1900                 391,825 42.4 36.4  6.1  16,626  14,254      -7  
1901                 388,152 46.0 34.8 11.3  17,871  13,496      -5  
1902                 396,402 48.8 36.7 12.1  19,332  14,552      -9  
1903                 396,921 43.8 34.9  8.9  17,382  13,860      -8  
1904     394,200     402,179 45.8 35.3 10.5  18,432  14,198     -10  
1905     398,400     406,158 40.2 34.2  6.0  16,344  13,905     -11  
1906     401,100     408,681 45.4 34.3 11.1  18,572  14,037     -12  
1907     405,800     413,571 47.6 32.4 15.2  19,684  13,380     -10  
1908     422,200     419,245 45.0 33.0 12.0  18,850  13,833      -4  
1909     437,200     423,220 47.7 34.8 12.9  20,180  14,727      -5  
1910     443,400     424,391 46.6 35.9 10.7  19,768  15,247     -14  
1911     448,700     431,060 45.4 29.7 15.8  19,579  12,781      -6  
1912     454,500     434,468 47.7 35.8 11.9  20,721  15,572      -6  
1913     460,100     444,440 46.3 37.9  8.4  20,594  16,856     -11  
1914     465,600     451,998 50.6 32.5 18.1  22,892  14,689      -8  
1915     476,200     447,701                                     -2  
1916     485,000                                                     
1917     453,201                                                     

***************************************************************************************

Оренбургская

год       ЦСК             УГВИ                 чр      чс    мигр  
==== =========== ========================================== =======
1881                                         59,964  40,021          
1882               1,096,376 69.7 50.9 18.8  76,393  55,766          
1883               1,196,133 63.1 48.5 14.7  75,525  57,999          
1884               1,198,360 62.5 45.2 17.3  74,878  54,108          
1885               1,215,886 64.8 41.8 23.0  78,766  50,780          
1886               1,198,360 68.7 49.1 19.6  82,286  58,804          
1887                                         77,848  57,037          
1888               1,306,539 62.2 38.2 24.0  81,236  49,862          
1889               1,337,913 61.5 39.9 21.6  82,288  53,448          
1890               1,369,287 59.4 44.1 15.3  81,294  60,350          
1891               1,380,944 60.6 43.0 17.6  83,695  59,416          
1892               1,380,944 51.2 62.4 -11.2  70,653  86,152          
1893               1,389,724 52.7 44.3  8.5  73,270  61,521          
1894               1,401,473 58.9 36.4 22.5  82,586  50,997          
1895               1,433,062 60.4 39.1 21.4  86,614  55,994          
1896               1,520,036 60.5 39.4 21.2  92,012  59,860     -45  
1897               1,608,388 61.4 38.7 22.8  98,832  62,233     660  
1898               1,641,180 56.6 38.1 18.5  92,847  62,471   2,028  
1899               1,667,353 59.0 37.9 21.1  98,408  63,213   6,275  
1900               1,692,926 60.4 35.6 24.8 102,223  60,249   5,212  
1901               1,726,282 62.6 36.7 25.9 108,112  63,390   7,962  
1902               1,750,604 67.5 45.9 21.6 118,172  80,311   3,372  
1903               1,717,767 64.3 37.3 26.9 110,418  64,139   2,760  
1904   1,758,400   1,756,630 63.6 43.3 20.3 111,741  76,008   3,043  
1905   1,795,500   1,828,749 60.0 36.1 23.9 109,659  65,942   2,480  
1906   1,836,500   1,872,503 62.8 36.4 26.4 117,633  68,245     618  
1907   1,882,400   1,921,239 62.7 39.8 22.8 120,404  76,555  -2,853  
1908   1,934,400   1,958,716 62.0 41.1 21.0 121,529  80,425     617  
1909   1,999,100   2,054,841 60.6 39.1 21.4 124,471  80,424   6,529  
1910   2,065,200   2,078,600 60.8 41.0 19.8 126,299  85,244  10,129  
1911   2,093,200   2,120,883 58.6 39.0 19.6 124,180  82,688  -5,775  
1912   2,121,200   2,161,438 52.3 38.8 13.4 113,025  83,965  -4,174  
1913   2,147,600   2,231,826 54.0 36.4 17.6 120,509  81,325   1,111  
1914   2,170,800   2,276,163 52.4 30.1 22.3 119,297  68,492    -538  
1915   2,272,000   2,249,388                                     43  
1916   2,332,800                                                     
1917   2,529,494                                                     

***************************************************************************************

Орловская

год       ЦСК             УГВИ                 чр      чс    мигр  
==== =========== ========================================== =======
1881                                         93,848  64,530          
1882               1,877,051 53.8 46.9  6.9 101,030  88,124          
1883               1,892,932 53.0 41.5 11.4 100,274  78,650          
1884               1,918,342 52.8 40.2 12.5 101,265  77,206          
1885               1,934,876 53.1 42.6 10.5 102,759  82,521          
1886               1,955,114 52.4 35.8 16.6 102,376  69,920          
1887                                        102,700  68,285          
1888               2,021,239 53.7 33.3 20.4 108,526  67,264          
1889               2,071,964 50.9 38.4 12.4 105,360  79,573          
1890               1,995,229 53.5 42.9 10.6 106,674  85,609          
1891               2,107,442 52.0 42.6  9.4 109,667  89,808          
1892               2,127,397 44.4 38.1  6.2  94,405  81,125          
1893               2,140,587 51.0 36.1 14.9 109,253  77,254          
1894               2,172,255 49.1 37.8 11.3 106,749  82,213          
1895               2,196,765 50.6 36.2 14.3 111,099  79,614          
1896               2,235,047 51.5 33.7 17.8 115,161  75,398 -13,754  
1897               2,054,609 50.7 35.4 15.3 104,195  72,763  -4,213  
1898               2,083,770 51.4 41.4 10.0 107,123  86,241 -10,906  
1899               2,103,643 53.9 37.4 16.5 113,418  78,773  -6,935  
1900               2,138,288 54.8 36.3 18.5 117,156  77,685  -3,162  
1901               2,177,759 53.4 35.8 17.5 116,198  78,056  -1,723  
1902               2,215,901 56.2 37.0 19.2 124,473  81,972  -1,132  
1903               2,215,901 51.8 32.4 19.4 114,751  71,703  -1,789  
1904   2,285,400   2,288,510 54.3 31.7 22.5 124,182  72,655    -327  
1905   2,336,800   2,322,684 48.7 38.2 10.5 113,210  88,783    -341  
1906   2,365,700   2,346,490 53.0 36.7 16.2 124,274  86,156  -3,696  
1907   2,403,800   2,439,192 49.6 31.4 18.2 120,945  76,494 -17,918  
1908   2,470,600   2,463,864 47.3 31.3 16.0 116,436  77,104 -27,444  
1909   2,528,700   2,516,558 45.7 32.9 12.9 115,122  82,717 -26,537  
1910   2,580,400   2,543,621 46.9 32.4 14.5 119,368  82,416  -4,851  
1911   2,629,000   2,586,654 45.4 27.7 17.7 117,559  71,673  -2,060  
1912   2,676,300   2,633,175 47.3 29.2 18.1 124,542  76,788  -2,313  
1913   2,719,100   2,680,982 44.1 27.3 16.8 118,303  73,317  -4,041  
1914   2,761,700   2,719,100 42.1 27.3 14.8 114,374  74,196  -7,378  
1915   2,816,200   2,589,388                                   -657  
1916   2,850,400                                                     
1917   2,746,508                                                     

***************************************************************************************

Пензенская

год       ЦСК             УГВИ                 чр      чс    мигр  
==== =========== ========================================== =======
1881                                         75,346  48,639          
1882               1,356,571 58.5 47.8 10.7  79,393  64,877          
1883               1,382,732 53.6 48.7  4.9  74,158  67,334          
1884               1,402,867 56.9 40.5 16.4  79,838  56,865          
1885               1,434,707 54.2 36.2 18.0  77,735  51,897          
1886               1,480,773 51.5 31.9 19.6  76,256  47,228          
1887                                         78,061  55,549          
1888               1,522,537 55.1 39.2 16.0  83,960  59,613          
1889               1,543,427 53.9 40.7 13.2  83,165  62,794          
1890               1,584,245 50.6 40.4 10.1  80,120  64,064          
1891               1,601,458 49.2 46.4  2.8  78,785  74,230          
1892               1,606,013 46.2 50.2 -4.0  74,225  80,603          
1893               1,593,548 49.7 42.9  6.9  79,245  68,298          
1894               1,601,499 50.3 40.4  9.9  80,547  64,692          
1895               1,611,570 51.7 42.6  9.1  83,327  68,718          
1896               1,617,454 52.5 36.8 15.8  84,989  59,507  -4,607  
1897               1,483,948 58.6 40.5 18.1  86,890  60,100    -188  
1898               1,516,033 55.7 44.5 11.2  84,419  67,434  -3,572  
1899               1,612,192 53.8 34.5 19.3  86,793  55,607  -5,724  
1900               1,651,120 54.2 33.9 20.3  89,445  55,966  -2,228  
1901               1,661,826 54.1 34.4 19.7  89,909  57,127    -986  
1902               1,686,525 54.8 38.5 16.3  92,371  64,858  -1,224  
1903               1,700,929 54.5 35.4 19.1  92,679  60,128  -2,280  
1904   1,643,000   1,728,192 51.9 32.3 19.5  89,625  55,861  -1,538  
1905   1,677,300   1,715,521 50.5 37.9 12.6  86,550  65,018  -1,146  
1906   1,699,000   1,757,222 53.4 34.8 18.7  93,900  61,121  -6,020  
1907   1,721,700   1,777,877 54.9 33.1 21.8  97,678  58,868  -7,536  
1908   1,748,100   1,819,159 52.3 33.2 19.1  95,185  60,389  -6,247  
1909   1,777,800   1,843,892 53.0 35.2 17.9  97,762  64,838  -9,479  
1910   1,803,900   1,865,376 53.3 34.5 18.8  99,449  64,320  -1,762  
1911   1,829,700   1,909,508 50.5 30.4 20.1  96,391  58,047  -1,692  
1912   1,853,900   1,931,561 50.2 31.4 18.9  97,055  60,564  -8,228  
1913   1,877,300   1,991,682 47.7 32.3 15.4  94,992  64,323  -9,549  
1914   1,911,600   2,018,507 46.1 28.3 17.8  92,961  57,035 -10,056  
1915   1,940,500   2,045,799                                   -911  
1916   1,967,500                                                     
1917   2,092,857                                                     

***************************************************************************************

Пермская

год       ЦСК             УГВИ                 чр      чс    мигр  
==== =========== ========================================== =======
1881                                        149,002 105,568          
1882               2,476,876 60.0 45.6 14.3 148,538 113,033          
1883               2,539,874 59.7 50.1  9.5 151,533 127,344          
1884               2,593,420 57.3 44.6 12.6 148,498 115,752          
1885               2,612,530 54.1 45.3  8.8 141,326 118,281          
1886               2,635,575 56.0 45.9 10.1 147,702 120,973          
1887                                        151,241 121,426          
1888               2,713,987 57.4 40.6 16.8 155,753 110,142          
1889               2,742,514 54.7 43.1 11.7 150,033 118,079          
1890               2,778,837 54.8 49.1  5.8 152,416 136,331          
1891               2,794,922 55.8 41.9 14.0 156,022 117,028          
1892               2,805,285 47.5 49.0 -1.5 133,279 137,565          
1893               2,815,860 53.5 36.4 17.0 150,520 102,515          
1894               2,861,806 55.7 41.9 13.8 159,427 119,801          
1895               2,893,332 58.4 41.9 16.5 169,088 121,294          
1896               2,956,375 56.9 45.3 11.6 168,136 133,930     -76  
1897               3,002,655 56.7 40.3 16.5 170,314 120,892    -480  
1898               3,048,839 57.3 43.7 13.6 174,572 133,166  -3,618  
1899               3,091,728 56.7 37.9 18.8 175,233 117,242  -5,369  
1900               3,163,696 56.6 37.9 18.7 179,038 119,815  -1,754  
1901               3,222,918 56.7 42.2 14.5 182,787 136,168     546  
1902               3,269,537 55.1 45.9  9.3 180,263 149,988    -677  
1903               3,269,594 57.3 39.6 17.8 187,421 129,355  -1,043  
1904   3,352,100   3,327,585 56.9 40.5 16.4 189,298 134,642    -872  
1905   3,406,900   3,385,651 51.4 37.6 13.8 174,008 127,405     -87  
1906   3,487,100   3,435,307 58.0 43.4 14.6 199,176 148,980  -1,188  
1907   3,539,300   3,486,096 59.5 41.2 18.2 207,295 143,732  -1,125  
1908   3,604,900   3,536,291 57.8 38.3 19.5 204,547 135,486  -5,090  
1909   3,669,000   3,504,834 55.5 45.0 10.4 194,370 157,802  -2,893  
1910   3,731,200   3,541,402 60.5 40.6 19.9 214,271 143,712     264  
1911   3,792,800   3,611,911 57.6 43.7 13.9 207,880 157,669  -1,907  
1912   3,853,900   3,682,470 56.0 44.1 12.0 206,305 162,255  -5,797  
1913   3,912,700   3,732,681 55.3 41.4 13.9 206,461 154,406  -5,399  
1914   4,007,500   3,831,588 52.6 38.9 13.7 201,453 148,935  -2,927  
1915   4,083,200   3,883,643                                   -286  
1916   4,135,600                                                     
1917   4,013,716                                                     

***************************************************************************************

Петроковская

год       ЦСК             УГВИ                 чр      чс    мигр  
==== =========== ========================================== =======
1881                                         32,478  20,510          
1882                 837,928 42.2 28.4 13.8  35,345  23,763          
1883                 850,448 40.5 24.2 16.3  34,423  20,601          
1884                 865,777 39.3 23.4 15.9  34,014  20,248          
1885                 906,914 36.8 24.0 12.7  33,365  21,807          
1886                 926,761 37.6 20.7 16.9  34,812  19,194          
1887                                         42,403  23,780          
1888               1,091,282 40.5 23.3 17.3  44,246  25,386          
1889               1,146,668 31.3 18.2 13.1  35,879  20,864          
1890               1,182,675 40.0 23.3 16.7  47,337  27,567          
1891               1,200,197 42.8 22.2 20.7  51,391  26,596          
1892               1,246,054 39.7 26.1 13.6  49,493  32,558          
1893               1,277,095 41.6 25.6 16.0  53,160  32,687          
1894               1,323,430 41.9 24.5 17.4  55,515  32,442          
1895               1,383,047 43.7 24.7 19.1  60,496  34,135          
1896               1,534,649 38.5 20.6 18.0  59,129  31,580   2,541  
1897               1,475,168 42.0 23.8 18.2  61,999  35,092   3,973  
1898               1,500,026 45.7 27.2 18.6  68,611  40,733   3,098  
1899               1,530,124 41.0 16.5 24.5  62,757  25,245   4,455  
1900               1,552,856 45.0 23.8 21.2  69,881  36,919   2,711  
1901               1,581,741 44.8 24.2 20.7  70,928  38,265   3,900  
1902               1,604,819 46.5 25.5 21.1  74,662  40,862     761  
1903               1,604,819 47.1 24.9 22.2  75,574  39,888     352  
1904   1,609,400   1,657,506 45.5 27.1 18.4  75,426  44,871  -1,962  
1905   1,639,800   1,707,202 44.1 26.5 17.6  75,210  45,189  -6,375  
1906   1,675,200   1,734,001 46.5 26.2 20.3  80,617  45,489 -12,872  
1907   1,711,200   1,792,944 47.9 25.0 22.9  85,899  44,859  -2,566  
1908   1,751,800   1,822,054 50.1 25.1 25.0  91,281  45,694     638  
1909   1,792,700   1,882,421 49.6 25.5 24.1  93,392  47,934   1,154  
1910   1,933,400   1,920,279 46.4 23.1 23.3  89,072  44,266  -9,052  
1911   1,981,300   1,929,928 56.9 26.0 30.9 109,889  50,208    -451  
1912   2,013,600   2,216,311 46.7 22.5 24.2 103,612  49,923  -2,212  
1913   2,044,500   2,216,311                                 -3,894  
1914   2,097,900   2,044,500                                 -2,969  
1915   2,097,900                                             -1,549  

***************************************************************************************

Плоцкая

год       ЦСК             УГВИ                 чр      чс    мигр  
==== =========== ========================================== =======
1881                                         21,615  15,960          
1882                 530,099 42.9 28.1 14.8  22,718  14,890          
1883                 530,099 44.2 27.6 16.6  23,447  14,650          
1884                 556,979 41.9 27.0 14.8  23,318  15,066          
1885                 565,326 43.1 30.4 12.8  24,393  17,171          
1886                 574,132 45.3 28.6 16.7  26,033  16,423          
1887                                         25,519  15,923          
1888                 600,662 40.7 23.9 16.8  24,445  14,339          
1889                 612,322 39.5 24.3 15.3  24,201  14,863          
1890                 651,967 40.5 27.5 13.0  26,392  17,902          
1891                 660,457 38.0 26.0 12.0  25,107  17,161          
1892                 653,988 37.1 27.1 10.0  24,237  17,698          
1893                 666,542 38.8 26.3 12.5  25,875  17,510          
1894                 674,907 31.1 20.3 10.7  20,971  13,726          
1895                 622,390 36.1 20.4 15.7  22,470  12,727          
1896                 650,733 34.0 21.9 12.1  22,103  14,237  -2,096  
1897                 641,240 38.0 25.4 12.6  24,389  16,281  -1,471  
1898                 660,818 38.3 24.6 13.7  25,318  16,232  -2,582  
1899                 684,701 34.6 23.5 11.1  23,663  16,058  -3,948  
1900                 700,559 34.3 20.4 13.9  24,003  14,286  -4,919  
1901                 709,812 34.7 20.2 14.5  24,634  14,331  -6,070  
1902                 715,969 35.2 22.5 12.7  25,218  16,095  -8,576  
1903                 725,828 29.9 20.1  9.8  21,708  14,559  -8,529  
1904     606,500     715,411 31.0 20.3 10.7  22,213  14,526  -9,865  
1905     613,000     720,220 31.4 23.4  8.0  22,605  16,863 -11,679  
1906     619,000     675,459 26.5 17.0  9.4  17,866  11,490 -14,560  
1907     625,900     691,116 33.8 21.3 12.6  23,369  14,687 -12,221  
1908     634,200     749,759 31.0 21.1  9.9  23,231  15,823  -7,857  
1909     642,100     753,271 28.3 18.6  9.7  21,324  14,014 -13,444  
1910     700,000     759,341 30.1 19.5 10.7  22,881  14,782 -14,813  
1911     739,900     765,533 29.9 20.7  9.2  22,891  15,820 -10,602  
1912     755,400     768,323 29.0 18.6 10.4  22,269  14,288 -21,676  
1913     770,500     774,149 26.6 16.8  9.8  20,569  12,998 -23,751  
1914     786,000     787,730                                 -8,205  
1915     786,000                                               -209  

***************************************************************************************

Подольская

год       ЦСК             УГВИ                 чр      чс    мигр  
==== =========== ========================================== =======
1881                                        108,372  70,045          
1882               2,204,091 54.4 38.6 15.8 119,826  85,050          
1883               2,276,518 49.0 33.9 15.1 111,590  77,104          
1884               2,302,489 50.9 29.7 21.2 117,136  68,421          
1885               2,360,024 50.8 30.0 20.8 119,851  70,749          
1886               2,358,895 50.0 28.5 21.5 118,019  67,237          
1887                                        119,752  67,887          
1888               2,423,755 51.3 33.6 17.7 124,380  81,485          
1889               2,500,435 51.2 33.0 18.2 127,960  82,434          
1890               2,557,912 47.1 30.9 16.2 120,433  79,121          
1891               2,617,253 49.6 29.9 19.7 129,754  78,185          
1892               2,661,613 46.6 37.2  9.4 124,097  99,001          
1893               2,672,700 43.2 35.7  7.5 115,581  95,494          
1894               2,701,940 47.8 33.8 14.0 129,023  91,235          
1895               2,741,923 48.6 34.8 13.8 133,211  95,329          
1896               2,804,786 48.3 30.2 18.1 135,367  84,664    -839  
1897               2,872,208 48.1 28.0 20.1 138,066  80,463      23  
1898               2,927,084 44.9 26.9 18.0 131,325  78,712     -64  
1899               2,981,863 46.7 30.1 16.6 139,276  89,901  -1,246  
1900               3,046,673 46.7 27.6 19.1 142,270  84,136  -2,749  
1901               3,005,555 44.0 25.4 18.5 132,105  76,490  -2,989  
1902               2,849,891 50.3 28.2 22.2 143,446  80,287  -3,548  
1903               3,086,906 46.9 27.2 19.7 144,807  83,900  -5,230  
1904   3,424,100   3,215,505 44.0 25.8 18.2 141,478  83,023  -6,914  
1905   3,482,300   3,236,143 42.4 32.8  9.6 137,186 106,099 -12,426  
1906   3,543,700   3,278,176 41.8 28.4 13.4 136,998  92,998 -25,166  
1907   3,587,600   3,350,034 46.4 24.4 22.0 155,518  81,879 -12,493  
1908   3,604,600   3,408,630 42.9 22.6 20.4 146,373  76,929 -13,390  
1909   3,675,000   3,489,862 40.9 26.5 14.4 142,835  92,569 -18,250  
1910   3,743,700   3,545,283 40.3 30.5  9.8 142,961 108,222 -16,757  
1911   3,812,000   3,657,091 38.3 25.8 12.4 139,919  94,396  -8,195  
1912   3,882,700   3,755,457 38.7 19.5 19.2 145,401  73,254  -9,743  
1913   3,955,300   3,819,262 35.5 22.8 12.7 135,745  87,214 -14,007  
1914   4,057,300   3,889,224                                -10,110  
1915   4,127,600   3,889,224                                   -601  
1916   4,191,200                                                     
1917   4,064,261                                                     

***************************************************************************************

Полтавская

год       ЦСК             УГВИ                 чр      чс    мигр  
==== =========== ========================================== =======
1881                                        110,615  72,042          
1882               2,445,423 51.2 36.1 15.1 125,247  88,318          
1883               2,473,958 49.4 32.0 17.4 122,129  79,055          
1884               2,520,887 47.6 26.4 21.2 119,938  66,441          
1885               2,617,758 45.9 28.9 17.0 120,082  75,696          
1886               2,662,144 43.3 29.4 13.9 115,360  78,228          
1887                                        121,389  75,794          
1888               2,794,739 47.7 28.1 19.6 133,410  78,641          
1889               2,848,307 48.7 28.1 20.6 138,821  80,164          
1890               2,860,523 44.6 32.9 11.7 127,556  93,984          
1891               2,894,095 46.5 28.8 17.7 134,529  83,286          
1892               2,945,338 43.0 30.3 12.7 126,721  89,300          
1893               2,983,699 43.7 24.9 18.7 130,243  74,364          
1894               3,039,578 43.2 24.6 18.7 131,430  74,706          
1895               3,102,588 42.6 29.2 13.4 132,033  90,570          
1896               3,144,051 42.6 24.8 17.7 133,870  78,109 -35,845  
1897               3,144,756 42.2 23.4 18.8 132,567  73,536  -5,158  
1898               3,209,230 40.1 22.7 17.4 128,608  72,788  -3,949  
1899               3,297,705 41.9 24.3 17.6 138,310  80,125 -11,481  
1900               3,355,890 41.3 21.7 19.6 138,507  72,667 -25,926  
1901               3,421,725 37.1 22.0 15.1 126,970  75,245 -10,538  
1902               3,473,450 37.5 21.8 15.7 130,222  75,625 -10,446  
1903               3,173,576 43.0 22.4 20.6 136,353  70,965 -10,540  
1904   3,203,900   3,221,666 41.2 22.9 18.3 132,878  73,818  -6,005  
1905   3,263,400   3,288,926 38.3 25.1 13.2 126,034  82,536  -9,922  
1906   3,312,400   3,277,065 42.7 23.6 19.1 139,936  77,290 -14,010  
1907   3,387,100   3,317,076 41.4 22.1 19.3 137,386  73,269 -32,544  
1908   3,472,100   3,377,305 40.0 21.5 18.5 135,040  72,498 -54,591  
1909   3,534,600   3,362,140 39.3 23.8 15.5 132,022  80,011 -53,751  
1910   3,580,100   3,422,366 37.9 23.1 14.8 129,724  79,050 -31,025  
1911   3,626,300   3,534,118 37.9 18.9 19.0 133,962  66,885  -9,742  
1912   3,673,100   3,631,116 38.0 17.8 20.3 138,126  64,483 -11,127  
1913   3,716,400   3,673,930 35.9 19.6 16.3 131,769  71,886 -19,192  
1914   3,792,100   3,779,943 35.9 18.6 17.3 135,872  70,321 -18,293  
1915   3,906,200   3,630,767                                    -90  
1916   3,954,500                                                     
1917   3,639,783                                                     

***************************************************************************************

Приморская обл.

год       ЦСК             УГВИ                 чр      чс    мигр  
==== =========== ========================================== =======
1881                                            971     487          
1882                  74,000                                         
1883                  74,000                                         
1884                  74,000                                         
1885                  86,200  3.5  2.2  1.3     298     189          
1886                  80,000 13.6 10.1  3.4   1,084     811          
1887                                          2,406   1,431          
1888                 102,786                                         
1889                 102,786 34.2 21.9 12.4   3,519   2,249          
1890                 102,786 32.2 17.2 15.0   3,311   1,769          
1891                 119,744 36.6 17.0 19.6   4,380   2,032          
1892                 132,842 37.9 17.3 20.5   5,030   2,302          
1893                 143,456 38.4 22.3 16.1   5,505   3,198          
1894                 147,055 40.8 20.3 20.6   6,005   2,981          
1895                 151,921 39.3 19.0 20.3   5,967   2,882          
1896                 155,295 13.3  8.3  5.0   2,060   1,287      55  
1897                 177,351 30.8 17.3 13.6   5,470   3,065     102  
1898                 198,836 29.6 17.7 11.9   5,887   3,526     479  
1899                 227,950 31.9 21.5 10.4   7,269   4,901   1,019  
1900                 243,666 33.3 20.8 12.4   8,107   5,080   5,901  
1901                 268,592 30.0 17.6 12.3   8,052   4,739   2,906  
1902                 281,000 30.4 17.9 12.4   8,531   5,038   6,401  
1903                 300,370 32.6 16.7 15.9   9,798   5,031   7,301  
1904     242,900     330,204 26.2 12.9 13.3   8,654   4,256    -144  
1905     246,800     252,210 33.6 16.9 16.6   8,466   4,269     -37  
1906     252,100     239,970 43.5 24.2 19.2  10,427   5,812  13,289  
1907     267,300     359,138 34.5 21.8 12.7  12,399   7,834  74,511  
1908     289,600     516,767 37.9 20.0 17.9  19,565  10,324  20,589  
1909     268,900     530,805 29.8 13.9 15.9  15,839   7,380  18,587  
1910     281,100     517,863 30.8 14.5 16.3  15,938   7,508   9,272  
1911     533,100     505,992 33.6 18.3 15.3  16,993   9,261   7,493  
1912     572,000     545,397 35.3 18.1 17.2  19,253   9,887   9,980  
1913     604,000     584,572 34.9 16.4 18.5  20,427   9,591   8,463  
1914     606,600     619,185 32.2 14.0 18.2  19,945   8,698  11,102  
1915     631,600     524,133                                 -1,104  
1916     648,400                                                     
1917     383,878                                                     

***************************************************************************************

Псковская

год       ЦСК             УГВИ                 чр      чс    мигр  
==== =========== ========================================== =======
1881                                         42,746  35,618          
1882                 890,994 49.2 38.1 11.1  43,794  33,916          
1883                 894,712 48.2 37.8 10.4  43,118  33,831          
1884                 917,321 47.9 33.0 14.9  43,963  30,267          
1885                 929,931 49.4 37.7 11.8  45,962  35,020          
1886                 940,873 51.3 32.9 18.4  48,274  30,999          
1887                                         46,610  35,491          
1888                 965,355 52.6 34.0 18.5  50,752  32,854          
1889                 980,182 50.0 36.2 13.8  48,961  35,478          
1890               1,021,581 49.2 31.8 17.5  50,312  32,442          
1891               1,029,053 51.1 28.9 22.3  52,632  29,690          
1892               1,034,125 47.8 34.0 13.9  49,458  35,130          
1893               1,051,936 46.0 35.0 11.0  48,400  36,808          
1894               1,077,670 48.3 31.4 16.9  52,015  33,832          
1895               1,095,853 43.3 30.9 12.5  47,490  33,822          
1896               1,095,829 45.5 32.9 12.6  49,900  36,074    -691  
1897               1,136,580 46.5 31.2 15.2  52,804  35,506    -630  
1898               1,152,511 47.1 30.6 16.5  54,304  35,274    -273  
1899               1,170,898 47.3 29.6 17.8  55,396  34,605    -260  
1900               1,191,689 43.9 31.4 12.5  52,312  37,438    -472  
1901               1,204,145 43.7 35.3  8.4  52,586  42,449    -851  
1902               1,219,011 46.1 26.0 20.1  56,239  31,694    -769  
1903               1,221,011 39.6 33.4  6.2  48,349  40,822  -2,036  
1904   1,240,300   1,238,767 47.0 28.6 18.4  58,173  35,435    -290  
1905   1,263,800   1,260,498 38.7 30.4  8.3  48,764  38,315    -291  
1906   1,275,300   1,272,773 43.4 27.9 15.5  55,197  35,463  -1,058  
1907   1,294,800   1,305,764 43.6 24.9 18.7  56,886  32,525  -4,256  
1908   1,317,600   1,330,125 40.8 27.0 13.7  54,238  35,967  -4,571  
1909   1,336,200   1,349,225 42.3 26.6 15.7  57,028  35,876  -2,971  
1910   1,354,800   1,370,377 41.2 27.0 14.2  56,471  37,026  -1,438  
1911   1,373,300   1,389,823 40.3 23.9 16.4  56,077  33,242  -1,068  
1912   1,390,000   1,422,758 40.0 24.4 15.6  56,980  34,735    -917  
1913   1,406,500   1,430,998 38.7 25.7 13.0  55,386  36,783    -711  
1914   1,425,100   1,449,601 39.1 24.0 15.1  56,682  34,852    -490  
1915   1,447,100   1,471,431                                    -80  
1916   1,465,600                                                     
1917   1,471,660                                                     

***************************************************************************************

Радомская

год       ЦСК             УГВИ                 чр      чс    мигр  
==== =========== ========================================== =======
1881                                         26,595  17,137          
1882                 633,725 43.7 25.5 18.3  27,723  16,142          
1883                 644,827 43.4 25.3 18.1  28,002  16,309          
1884                 657,888 41.7 25.0 16.6  27,432  16,479          
1885                 668,758 41.4 29.5 12.0  27,712  19,708          
1886                 680,313 44.7 26.3 18.4  30,429  17,912          
1887                                         28,928  17,689          
1888                 716,164 43.0 23.6 19.4  30,815  16,922          
1889                 742,032 43.4 21.7 21.7  32,201  16,136          
1890                 752,632 38.7 24.2 14.4  29,099  18,240          
1891                 769,229 40.7 22.1 18.6  31,305  16,967          
1892                 793,650 37.9 24.3 13.5  30,063  19,314          
1893                 812,159 39.0 24.7 14.3  31,671  20,038          
1894                 834,141 40.1 25.3 14.8  33,420  21,114          
1895                 851,684 41.2 25.3 16.0  35,109  21,512          
1896                 874,393 41.6 22.6 18.9  36,340  19,805    -439  
1897                 860,448 42.7 23.4 19.3  36,741  20,136    -175  
1898                 907,766 42.2 22.1 20.1  38,317  20,040    -302  
1899                 948,662 39.9 21.2 18.7  37,870  20,113    -741  
1900                 979,491 38.8 20.5 18.3  38,003  20,083    -932  
1901               1,003,966 37.7 21.6 16.1  37,806  21,658    -961  
1902               1,043,756 39.7 20.9 18.8  41,476  21,832  -1,264  
1903               1,052,769 38.9 21.6 17.3  40,991  22,783  -1,786  
1904     902,600   1,073,619 34.2 21.6 12.6  36,709  23,220  -2,330  
1905     917,200   1,056,856 36.6 22.0 14.6  38,725  23,288  -3,697  
1906     932,800   1,004,335 38.7 22.6 16.1  38,885  22,716  -5,671  
1907     950,300   1,020,585 39.7 21.1 18.6  40,535  21,557  -2,755  
1908     975,300   1,095,195 36.1 20.6 15.5  39,506  22,513  -1,563  
1909     994,600   1,116,932 37.9 21.3 16.5  42,303  23,836  -1,871  
1910   1,080,800   1,137,801 37.2 20.5 16.7  42,346  23,338  -2,437  
1911   1,112,200   1,220,439 33.7 20.2 13.5  41,126  24,655  -1,846  
1912   1,134,800   1,244,205 34.3 19.1 15.2  42,652  23,729  -2,877  
1913   1,155,900   1,269,747 32.9 18.1 14.8  41,765  23,030  -3,510  
1914   1,180,200   1,288,189                                 -1,767  
1915   1,180,200                                               -250  

***************************************************************************************

Ростовское и./Д град.

год       ЦСК             УГВИ                 чр      чс    мигр  
==== =========== ========================================== =======
1914                                          6,808   4,343       0  
1915                 228,088                                      0  

***************************************************************************************

Рязанская

год       ЦСК             УГВИ                 чр      чс    мигр  
==== =========== ========================================== =======
1881                                         77,343  52,487          
1882               1,678,802 51.5 39.6 11.9  86,484  66,430          
1883               1,713,581 49.7 35.8 13.9  85,236  61,358          
1884               1,737,459 50.6 37.4 13.2  87,915  65,021          
1885               1,760,353 49.1 35.7 13.4  86,425  62,828          
1886               1,783,950 47.3 32.2 15.0  84,359  57,519          
1887                                         90,106  57,575          
1888               1,843,345 51.0 32.9 18.1  94,003  60,567          
1889               1,876,581 48.0 32.9 15.1  90,082  61,772          
1890               1,904,891 49.6 37.0 12.6  94,449  70,492          
1891               1,928,786 47.8 39.1  8.7  92,266  75,420          
1892               1,954,920 43.3 40.9  2.4  84,595  79,956          
1893               1,950,285 47.3 34.3 13.0  92,176  66,912          
1894               1,927,417 47.4 33.1 14.2  91,299  63,844          
1895               1,954,310 49.1 34.7 14.4  95,943  67,860          
1896               1,983,222 50.7 33.1 17.6 100,592  65,640  -2,457  
1897               1,927,537 51.7 36.3 15.4  99,573  69,880    -734  
1898               1,954,955 49.2 25.0 24.2  96,158  48,778  -5,128  
1899               1,966,335 50.0 31.4 18.6  98,219  61,716  -4,199  
1900               2,002,830 50.6 31.7 19.0 101,371  63,412    -683  
1901               2,040,789 51.7 36.1 15.6 105,426  73,607    -274  
1902               2,072,608 50.7 32.2 18.5 105,127  66,751    -325  
1903               2,210,984 49.1 30.0 19.0 108,504  66,385    -355  
1904   2,032,400   2,253,028 48.2 29.4 18.7 108,494  66,315    -145  
1905   2,074,600   2,295,282 43.4 31.9 11.5  99,545  73,196    -239  
1906   2,100,900   2,321,631 45.9 29.2 16.7 106,533  67,831  -2,599  
1907   2,139,200   2,361,053 47.0 28.5 18.6 111,011  67,181  -8,457  
1908   2,192,300   2,404,163 44.6 26.3 18.3 107,118  63,238  -4,283  
1909   2,306,600   2,448,043 44.6 30.5 14.1 109,155  74,619  -6,444  
1910   2,408,400   2,482,579 44.0 28.5 15.5 109,171  70,814  -1,331  
1911   2,510,200   2,520,936 43.2 23.2 20.1 109,015  58,449    -497  
1912   2,607,500   2,570,427 41.3 23.0 18.3 106,229  59,079  -2,187  
1913   2,694,800   2,617,577 39.3 25.5 13.9 102,951  66,643  -2,753  
1914   2,773,900   2,653,885 38.7 23.6 15.1 102,666  62,717  -2,975  
1915   2,795,000   2,692,024                                   -220  
1916   2,807,500                                                     
1917   2,535,400                                                     

***************************************************************************************

Самаркандская обл.

год       ЦСК             УГВИ                 чр      чс    мигр  
==== =========== ========================================== =======
1888                 680,135                                         
1889                 703,637                                         
1890                 724,451  4.3  3.7  0.7   3,140   2,663          
1891                 712,420 23.5 20.5  3.0  16,772  14,630          
1892                 810,714                                         
1893                 749,859                                         
1894                 754,574                                         
1895                 787,468  6.7  9.2 -2.5   5,247   7,225          
1896                 783,678  7.7 11.7 -4.0   6,038   9,172     -10  
1897                 844,372  7.4  8.9 -1.5   6,242   7,498      -1  
1898                 864,687  7.9  7.5  0.4   6,857   6,498      -4  
1899                 889,609  6.1  6.5 -0.4   5,461   5,822     -18  
1900                 907,715  6.3  6.8 -0.5   5,713   6,211     -26  
1901                 916,943  3.1  2.9  0.1   2,828   2,694     -23  
1902                 930,626                                    -29  
1903                 868,943                                    -49  
1904     982,500     986,554                                    -74  
1905   1,002,200     986,554                                   -112  
1906   1,090,400   1,006,284                                   -155  
1907   1,109,900   1,026,831                                    -81  
1908   1,132,800   1,026,891                                    -44  
1909   1,154,800     879,745                                    -36  
1910   1,169,900     879,745                                    -55  
1911   1,183,600   1,169,900                                    -47  
1912   1,187,000   1,183,600                                    -59  
1913   1,194,000   1,187,000                                    -75  
1914   1,198,000   1,194,000                                    -55  
1915   1,207,400   1,198,000                                     -9  
1916   1,211,200                                                     
1917   1,093,205                                                     

***************************************************************************************

Самарская

год       ЦСК             УГВИ                 чр      чс    мигр  
==== =========== ========================================== =======
1881                                        120,105  81,543          
1882               2,177,600 64.0 47.4 16.6 139,393 103,318          
1883               2,224,093 61.2 52.2  9.0 136,109 115,993          
1884               2,305,461 66.7 43.3 23.4 153,793  99,826          
1885               2,359,428 62.8 40.4 22.5 148,248  95,277          
1886               2,412,887 59.1 38.3 20.8 142,562  92,484          
1887                                        149,330  95,374          
1888               2,517,808 61.5 40.4 21.1 154,781 101,773          
1889               2,570,800 57.9 41.4 16.5 148,770 106,412          
1890               2,614,405 57.4 40.8 16.5 149,972 106,766          
1891               2,657,611 56.2 40.2 16.0 149,458 106,837          
1892               2,700,494 46.6 65.0 -18.4 125,755 175,453          
1893               2,650,580 55.0 50.3  4.8 145,852 133,209          
1894               2,663,223 54.6 39.1 15.5 145,453 104,043          
1895               2,705,016 57.5 44.4 13.1 155,503 120,020          
1896               2,739,528 60.9 39.9 21.0 166,929 109,422  -3,530  
1897               2,761,851 61.7 38.7 23.0 170,466 106,817    -809  
1898               2,822,245 58.5 43.1 15.5 165,242 121,592 -15,462  
1899               2,905,305 53.6 39.0 14.6 155,684 113,235 -19,105  
1900               2,947,754 58.9 35.8 23.1 173,695 105,585   2,149  
1901               3,015,836 60.6 41.1 19.5 182,725 123,827     188  
1902               3,074,767 56.1 39.8 16.3 172,529 122,486  -1,650  
1903               3,074,767 60.5 34.0 26.4 185,939 104,614  -2,170  
1904   3,157,600   3,091,263 59.2 43.3 15.9 182,949 133,766    -265  
1905   3,206,800   3,172,588 59.6 37.7 21.9 189,063 119,497    -266  
1906   3,276,500   3,252,480 59.5 34.0 25.5 193,639 110,690 -17,380  
1907   3,359,700   3,359,738 53.1 36.9 16.2 178,416 124,110 -11,689  
1908   3,428,200   3,414,042 55.8 36.6 19.2 190,561 125,029 -30,839  
1909   3,487,900   3,466,475 55.6 39.6 16.0 192,804 137,334  -7,228  
1910   3,544,500   3,535,186 58.4 46.0 12.4 206,526 162,739  14,908  
1911   3,600,900   3,578,973 58.3 38.7 19.7 208,799 138,353   6,156  
1912   3,658,900   3,649,419 54.1 36.0 18.1 197,358 131,263  -8,862  
1913   3,710,100   3,715,514 56.3 31.7 24.6 209,153 117,771  -7,446  
1914   3,800,800   3,805,896 56.2 32.9 23.3 213,739 125,052  -9,443  
1915   3,899,800   3,894,583                                   -553  
1916   3,986,700                                                     
1917   3,903,987                                                     

***************************************************************************************

Санкт-Петербургская

год       ЦСК             УГВИ                 чр      чс    мигр  
==== =========== ========================================== =======
1881                                         24,356  26,144          
1882                 739,573 78.8 90.9 -12.1  58,253  67,199          
1883               1,689,481 34.2 33.6  0.6  57,850  56,835          
1884               1,618,614 35.3 34.3  1.0  57,177  55,520          
1885               1,693,689 34.2 33.0  1.2  57,842  55,892          
1886               1,621,639 19.3 16.1  3.1  31,239  26,175          
1887                                         32,196  27,037          
1888                 818,970 39.9 36.1  3.8  32,670  29,581          
1889                 824,129 36.6 30.4  6.2  30,178  25,084          
1890                 829,223 36.8 30.2  6.6  30,505  25,031          
1891                 834,318 36.1 27.7  8.4  30,156  23,152          
1892                 841,317 37.5 31.1  6.3  31,513  26,204          
1893                 820,183 36.8 31.3  5.5  30,176  25,692          
1894                 807,260 34.2 28.7  5.5  27,595  23,172          
1895                 831,376 36.8 30.1  6.7  30,615  25,035          
1896                 833,544 36.7 29.0  7.7  30,590  24,137   1,563  
1897                 837,488 36.1 28.6  7.5  30,238  23,940   3,421  
1898                 851,370 36.7 28.5  8.2  31,211  24,240   3,294  
1899                 868,341 36.4 25.6 10.9  31,620  22,198   3,884  
1900                 882,161 37.0 28.6  8.4  32,624  25,204   2,671  
1901                 895,395 36.5 27.2  9.4  32,715  24,324   3,499  
1902                 916,283 32.7 26.6  6.1  29,919  24,343   1,980  
1903                 742,648 48.5 32.2 16.3  36,012  23,940   2,308  
1904                 791,933 51.8 36.9 14.9  41,023  29,250   1,553  
1905                 986,641 37.9 32.7  5.2  37,411  32,245   1,023  
1906               1,100,240 37.8 30.4  7.4  41,602  33,454   1,011  
1907               1,156,327 38.0 28.6  9.4  43,915  33,095     750  
1908               1,213,503 33.4 29.1  4.3  40,475  35,271   2,337  
1909               1,263,576 33.8 26.4  7.4  42,746  33,407   3,411  
1910               1,303,193 33.7 26.5  7.1  43,895  34,586    -920  
1911               1,385,268 33.9 22.7 11.2  47,023  31,496   2,506  
1912               1,372,312 32.2 24.9  7.3  44,211  34,166   2,990  
1913               1,325,168 36.0 27.2  8.8  47,671  36,020   3,566  
1914               1,624,685 27.9 21.4  6.5  45,336  34,703    -102  
1915               1,499,572                                   -636  

***************************************************************************************

Саратовская

год       ЦСК             УГВИ                 чр      чс    мигр  
==== =========== ========================================== =======
1881                                        101,286  79,092          
1882               2,044,131 53.5 43.8  9.7 109,336  89,531          
1883               2,113,077 52.2 47.8  4.4 110,245 100,941          
1884               2,134,872 60.1 37.9 22.1 128,258  81,017          
1885               2,121,336 56.3 38.4 17.8 119,355  81,562          
1886               2,159,483 53.6 33.2 20.4 115,814  71,757          
1887                                        122,225  77,587          
1888               2,311,220 54.7 37.5 17.2 126,534  86,678          
1889               2,351,077 53.4 37.4 16.0 125,529  87,984          
1890               2,400,071 52.2 39.9 12.3 125,198  95,643          
1891               2,433,445 51.9 43.1  8.8 126,373 104,926          
1892               2,438,571 46.0 60.1 -14.1 112,212 146,516          
1893               2,437,940 55.5 38.2 17.3 135,268  93,039          
1894               2,488,827 51.8 39.8 12.0 128,884  98,942          
1895               2,494,379 54.3 44.4  9.9 135,478 110,799          
1896               2,545,394 53.5 38.5 15.0 136,181  97,974  -3,156  
1897               2,419,756 58.4 36.8 21.6 141,356  89,104    -658  
1898               2,468,128 54.7 42.5 12.3 135,081 104,828  -3,583  
1899               2,492,150 54.6 39.4 15.2 136,081  98,233  -7,514  
1900               2,517,470 59.1 34.6 24.5 148,859  87,222  -1,524  
1901               2,566,124 56.3 36.5 19.7 144,421  93,784    -682  
1902               2,640,829 54.0 38.1 15.9 142,595 100,685  -1,955  
1903               2,687,001 56.2 35.0 21.2 150,958  93,958  -3,064  
1904   2,737,700   2,796,542 54.3 34.2 20.1 151,755  95,582  -1,247  
1905   2,812,400   2,842,431 51.3 33.8 17.5 145,929  96,081  -1,684  
1906   2,862,600   2,896,115 50.0 30.1 20.0 144,926  87,100 -10,399  
1907   2,920,700   2,903,301 54.1 33.7 20.4 157,026  97,738  -7,565  
1908   2,989,500   2,973,036 50.2 32.6 17.6 149,368  96,992 -18,644  
1909   3,061,900   3,102,911 48.1 32.6 15.5 149,123 101,146 -13,446  
1910   3,094,700   3,158,816 47.9 36.3 11.6 151,409 114,790    -324  
1911   3,125,400   3,201,018 49.8 33.5 16.4 159,482 107,127  -3,311  
1912   3,156,100   3,238,521 47.1 30.5 16.6 152,388  98,760 -11,123  
1913   3,185,400   3,285,154 45.8 28.6 17.2 150,466  93,814 -12,834  
1914   3,269,300   3,281,606 47.7 30.0 17.8 156,660  98,378  -6,878  
1915   3,432,100   3,327,984                                    260  
1916   3,463,200                                                     
1917   3,371,742                                                     

***************************************************************************************

Сахалин

год       ЦСК             УГВИ                 чр      чс    мигр  
==== =========== ========================================== =======
1887                                            295     239          
1888                  14,645 31.4 13.2 18.2     460     194          
1889                  15,358 20.4 18.8  1.6     314     289          
1890                  15,383 22.2 21.8  0.5     342     335          
1891                  17,051 23.2 23.2  0.0     395     395          
1892                  20,302 20.7 22.7 -2.0     421     461          
1893                  23,565 24.7 19.6  5.1     582     462          
1894                  21,389 16.2 17.1 -0.8     347     365          
1895                  24,789 19.0 16.0  3.0     471     396          
1896                  26,421 16.3 16.3  0.0     430     430       0  
1897                  28,492 18.3 16.0  2.2     521     457       1  
1898                  29,482 16.2 17.2 -1.0     478     508       1  
1899                  30,993 14.7 13.4  1.3     455     415       0  
1900                  32,329 16.7 17.1 -0.5     539     554       0  
1901                  33,616 17.4 16.2  1.2     586     546       0  
1902                  34,361 18.3 15.4  2.9     629     529       0  
1903                  36,595                                     -1  
1904      34,000      36,695                                     -1  
1905                  36,695                                     -3  
1906      17,000                                        145      -5  
1907      17,400       5,523                                     -1  
1908      17,900       5,150 42.9 30.1 12.8     221     155       0  
1909      13,500       6,209 29.5 22.7  6.8     183     141       0  
1910      13,800       7,770 26.1 15.1 11.1     203     117      -2  
1911      14,100       7,898 25.4  9.9 15.6     201      78      -1  
1912      14,200       8,605 20.2 15.6  4.6     174     134      -3  
1913      14,300       7,796 27.4 19.4  8.1     214     151      -1  
1914      33,500       5,593 219.9 125.0 94.9   1,230     699       0  
1915      34,000      33,801                                     -7  
1916      52,600                                                  5  
1917      59,195                                                  0  

***************************************************************************************

Седлецкая

год       ЦСК             УГВИ                 чр      чс    мигр  
==== =========== ========================================== =======
1881                                         20,240  15,636          
1882                 616,649 32.7 25.1  7.6  20,149  15,485          
1883                 616,649 35.7 25.6 10.1  22,004  15,790          
1884                 630,238 38.5 25.7 12.9  24,291  16,187          
1885                 641,698 42.4 24.6 17.7  27,191  15,809          
1886                 652,986 37.1 23.6 13.4  24,199  15,419          
1887                                         24,933  17,703          
1888                 671,598 37.5 25.0 12.5  25,198  16,813          
1889                 680,689 41.3 25.7 15.7  28,141  17,486          
1890                 737,295 41.9 21.8 20.2  30,906  16,039          
1891                 752,152 38.9 23.7 15.2  29,244  17,815          
1892                 763,581 34.6 22.1 12.5  26,432  16,865          
1893                 764,010 37.6 22.1 15.5  28,694  16,885          
1894                 775,990 39.9 24.1 15.9  30,996  18,683          
1895                 788,303 41.8 22.2 19.6  32,961  17,486          
1896                 800,603 38.0 21.2 16.8  30,441  16,965    -286  
1897                 764,139 42.3 25.2 17.2  32,358  19,250     -66  
1898                 792,109 36.9 22.2 14.7  29,220  17,568    -312  
1899                 835,855 41.6 24.0 17.6  34,796  20,084    -520  
1900                 864,160 38.9 23.8 15.1  33,645  20,557    -841  
1901                 892,026 38.9 22.5 16.4  34,720  20,083    -809  
1902                 917,379 39.3 22.4 16.9  36,096  20,556  -1,268  
1903                 908,357 40.5 22.8 17.7  36,777  20,669  -1,733  
1904     876,900     925,304 41.0 22.6 18.4  37,914  20,917  -2,451  
1905     894,200     941,241 37.2 23.0 14.2  35,029  21,665  -3,416  
1906     907,700     902,513 42.6 25.1 17.5  38,429  22,664  -4,355  
1907     923,400     970,854 38.7 21.8 16.9  37,563  21,145  -2,787  
1908     939,800     986,308 36.3 20.3 16.0  35,848  20,066  -1,498  
1909     957,200   1,004,677 36.2 21.3 14.9  36,327  21,370  -1,601  
1910     981,900   1,021,711 33.7 20.1 13.5  34,381  20,565  -2,737  
1911   1,003,400   1,035,138 28.8 17.0 11.9  29,860  17,562  -1,857  
1912   1,032,700   1,049,759 27.9 15.7 12.2  29,289  16,533  -2,620  
1913               1,066,166                                 -3,371  

***************************************************************************************

Семипалатинская обл.

год       ЦСК             УГВИ                 чр      чс    мигр  
==== =========== ========================================== =======
1881                                         10,235  11,137          
1882                 538,385 19.6 15.9  3.7  10,542   8,561          
1883                 534,636 17.2 15.6  1.6   9,208   8,344          
1884                 546,539                                         
1885                 546,539                                         
1886                                          9,252   8,646          
1887                                          9,462   8,337          
1888                 576,578 17.3 16.9  0.4  10,000   9,753          
1889                 576,578                                         
1890                 576,578 15.6 13.3  2.2   8,966   7,688          
1891                 574,219 17.5 14.8  2.7  10,055   8,496          
1892                 595,254 17.2 14.4  2.8  10,232   8,576          
1893                 611,305 15.4 11.2  4.2   9,417   6,876          
1894                 599,826 15.4 12.7  2.6   9,210   7,629          
1895                 608,841 15.9 12.0  4.0   9,701   7,295          
1896                 607,084 17.6 13.8  3.8  10,679   8,357   1,239  
1897                 591,148 18.9 13.0  5.9  11,175   7,693     139  
1898                 611,774 13.8 11.2  2.6   8,463   6,879   1,273  
1899                 645,838 23.7 18.6  5.1  15,308  12,031   3,748  
1900                 678,232 22.4 17.0  5.4  15,160  11,529   2,290  
1901                 686,053 18.9 13.1  5.9  12,994   8,967     311  
1902                 697,989 19.7 12.1  7.7  13,772   8,430     155  
1903                 707,965 18.9 13.0  5.9  13,381   9,205     409  
1904     725,300     786,963 18.5 15.1  3.4  14,535  11,895     252  
1905     728,000     728,693 18.9 17.8  1.1  13,779  12,956     340  
1906     767,500     740,186 22.0 14.9  7.1  16,302  11,035   3,603  
1907     784,000     815,833 20.7 13.5  7.2  16,853  11,008   8,837  
1908     802,300     749,693 23.8 14.3  9.5  17,863  10,716  20,902  
1909     836,600     771,016 28.1 18.2  9.9  21,662  14,012  31,790  
1910     842,200     898,291 26.8 16.7 10.1  24,089  15,025   8,646  
1911     848,900     821,459 26.8 15.0 11.8  21,977  12,306   1,157  
1912     855,800     873,760 27.5 15.2 12.3  24,022  13,292   4,465  
1913     862,000     940,516                                 14,578  
1914     867,500     862,000 29.7 18.5 11.2  25,601  15,983  25,056  
1915     874,900     928,509                                  2,005  
1916     992,100                                                     
1917     997,846                                                     

***************************************************************************************

Семиреченская обл.

год       ЦСК             УГВИ                 чр      чс    мигр  
==== =========== ========================================== =======
1882                 685,945 27.9 18.0  9.9  19,148  12,343          
1883                 684,840 39.3 22.2 17.1  26,907  15,192          
1884                 684,840 37.7 28.2  9.6  25,849  19,302          
1885                 665,634 33.3 23.5  9.8  22,178  15,639          
1886                 666,339  6.2  3.3  2.9   4,099   2,178          
1887                                          4,387   2,566          
1888                 671,878 24.4 17.8  6.6  16,381  11,969          
1889                 554,205 29.4 21.9  7.5  16,291  12,156          
1890                 671,012 22.9 15.9  7.0  15,346  10,650          
1891                 658,241 23.0 15.2  7.8  15,108  10,001          
1892                 681,434 33.5 20.2 13.4  22,860  13,735          
1893                 681,434 35.1 23.7 11.3  23,894  16,176          
1894                 720,276 39.3 21.0 18.3  28,278  15,107          
1895                 757,105  7.4  4.7  2.7   5,624   3,552          
1896                 774,191  7.2  3.7  3.4   5,547   2,886      64  
1897                 828,280 32.8 20.2 12.6  27,203  16,758      66  
1898                 850,107 35.0 21.8 13.2  29,713  18,512     154  
1899                 870,000 23.0 14.5  8.5  20,021  12,651     789  
1900                 890,331 22.6 13.1  9.5  20,161  11,675     451  
1901                 912,111 35.9 22.2 13.7  32,756  20,264     307  
1902                 946,177 37.9 22.1 15.8  35,905  20,950     154  
1903               1,019,626 29.2 16.7 12.5  29,770  17,004     190  
1904   1,058,200   1,019,634 27.5 15.5 12.0  28,070  15,791     -15  
1905   1,070,600   1,058,993 31.7 20.4 11.3  33,595  21,645      13  
1906   1,080,700   1,078,708 28.4 17.4 11.0  30,627  18,811     512  
1907   1,122,400   1,077,463 31.7 16.6 15.1  34,202  17,907   1,822  
1908   1,148,400   1,067,691 34.6 18.1 16.5  36,995  19,360   6,544  
1909   1,158,900   1,117,365 34.2 21.3 12.9  38,244  23,832   5,065  
1910   1,188,200   1,117,365 37.1 25.1 12.0  41,479  28,067   5,712  
1911   1,210,100   1,182,899 36.6 23.8 12.8  43,312  28,176   3,386  
1912   1,239,200   1,227,753 40.0 24.9 15.1  49,052  30,569  11,170 *
1913   1,256,900   1,251,703 36.7 23.6 13.1  45,974  29,592  15,460 *
1914   1,269,300   1,291,672 43.5 26.9 16.7  56,233  34,688  12,083 *
1915   1,281,300   1,331,165                                   -157  
1916   1,362,200                                                     
1917   1,321,415                                                     

***************************************************************************************

Симбирская

год       ЦСК             УГВИ                 чр      чс    мигр  
==== =========== ========================================== =======
1881                                         72,885  44,458          
1882               1,460,299 49.7 42.2  7.4  72,513  61,648          
1883               1,471,164 48.2 42.7  5.6  70,950  62,754          
1884               1,481,811 51.4 37.0 14.4  76,182  54,781          
1885               1,503,428 48.7 32.6 16.2  73,259  48,958          
1886               1,527,762 48.2 32.7 15.5  73,653  49,981          
1887                                         78,238  49,530          
1888               1,579,847 51.2 34.1 17.1  80,877  53,833          
1889               1,605,335 49.4 35.2 14.2  79,327  56,516          
1890               1,626,106 47.1 39.7  7.4  76,638  64,533          
1891               1,638,211 46.6 38.3  8.3  76,289  62,764          
1892               1,651,736 39.5 48.2 -8.7  65,325  79,662          
1893               1,523,200 49.3 42.5  6.8  75,104  64,713          
1894               1,541,518 52.7 40.7 12.0  81,300  62,726          
1895               1,562,332 50.7 41.3  9.4  79,159  64,462          
1896               1,544,997 54.3 35.7 18.7  83,918  55,100  -1,657  
1897               1,550,458 55.2 34.1 21.1  85,522  52,878    -122  
1898               1,579,601 51.7 40.1 11.6  81,729  63,365  -4,114  
1899               1,593,796 47.8 37.0 10.7  76,105  59,041  -5,154  
1900               1,610,178 56.4 36.8 19.6  90,836  59,270    -678  
1901               1,639,103 55.9 36.0 19.9  91,577  59,037  -1,373  
1902               1,662,624 51.0 38.0 12.9  84,779  63,262  -1,077  
1903               1,686,427 56.0 35.6 20.4  94,427  60,051  -1,205  
1904   1,715,900   1,706,392 54.9 34.1 20.8  93,653  58,219    -179  
1905   1,750,600   1,718,231 55.0 36.2 18.8  94,439  62,147    -167  
1906   1,783,000   1,753,289 54.3 33.3 21.0  95,198  58,396  -2,480  
1907   1,820,100   1,779,533 55.5 32.5 23.0  98,828  57,922  -1,636  
1908   1,863,300   1,807,006 54.9 33.8 21.1  99,123  61,011  -4,318  
1909   1,902,800   1,848,097 53.2 34.5 18.8  98,404  63,717  -4,548  
1910   1,931,700   1,894,278 56.5 40.0 16.4 106,962  75,845  -1,094  
1911   1,961,500   1,931,978 52.6 33.1 19.5 101,641  63,971  -3,429  
1912   1,997,500   1,971,883 48.0 32.8 15.2  94,605  64,693  -6,023  
1913   2,030,000   2,000,097 50.4 32.1 18.3 100,861  64,187  -6,447  
1914   2,067,800   2,038,819 48.5 29.5 18.9  98,843  60,247  -3,984  
1915   2,124,500   2,059,274                                    -30  
1916   2,136,800                                                     
1917   2,199,394                                                     

***************************************************************************************

Смоленская

год       ЦСК             УГВИ                 чр      чс    мигр  
==== =========== ========================================== =======
1881                                         66,175  45,301          
1882               1,243,088 55.5 43.6 11.9  68,952  54,221          
1883               1,941,172 37.6 25.5 12.1  72,989  49,502          
1884               1,218,101 55.0 42.5 12.5  66,995  51,721          
1885               1,256,881 55.9 49.3  6.7  70,291  61,917          
1886               1,282,558 56.8 37.1 19.7  72,867  47,545          
1887                                         69,624  52,114          
1888               1,339,444 58.7 37.0 21.8  78,652  49,496          
1889               1,358,756 54.2 40.9 13.3  73,669  55,576          
1890               1,399,628 55.3 40.9 14.4  77,397  57,188          
1891               1,432,371 55.6 39.9 15.6  79,589  57,173          
1892               1,454,787 53.4 40.4 13.0  77,633  58,703          
1893               1,437,831 55.6 37.6 18.0  79,974  54,049          
1894               1,469,756 53.8 38.8 14.9  79,002  57,042          
1895               1,563,548 52.3 36.6 15.7  81,771  57,209          
1896               1,606,686 49.6 39.0 10.6  79,701  62,672  -3,428  
1897               1,550,973 54.2 40.8 13.4  84,013  63,300  -1,474  
1898               1,590,192 52.0 33.7 18.3  82,753  53,607  -1,520  
1899               1,671,001 51.3 32.2 19.1  85,658  53,794    -604  
1900               1,659,349 52.9 36.7 16.2  87,759  60,902  -1,642  
1901               1,699,349 51.2 41.9  9.3  86,945  71,211  -2,426  
1902               1,723,317 55.8 34.9 20.9  96,192  60,199    -781  
1903               1,785,399 47.3 34.8 12.6  84,513  62,094  -1,740  
1904   1,710,200   1,812,491 52.2 32.6 19.7  94,685  59,034    -498  
1905   1,746,200   1,823,069 45.7 36.8  8.9  83,252  67,061    -481  
1906   1,762,400   1,833,903 51.6 33.5 18.1  94,609  61,482  -2,223  
1907   1,795,200   1,862,162 50.5 30.9 19.5  93,968  57,599  -8,531  
1908   1,860,500   1,862,162 45.9 31.9 13.9  85,396  59,447 -13,099  
1909   1,910,700   1,940,347 45.6 31.6 14.0  88,491  61,388 -11,315  
1910   1,949,600   1,976,092 43.6 34.2  9.4  86,245  67,572  -3,914  
1911   1,988,700   2,003,070 45.8 25.2 20.7  91,810  50,435  -1,314  
1912   2,050,200   2,042,174 44.6 27.2 17.4  91,056  55,557  -2,418  
1913   2,117,700   2,081,544 46.4 28.8 17.6  96,601  59,938  -1,325  
1914   2,163,600   2,110,384 43.4 28.0 15.4  91,520  59,098  -1,529  
1915   2,210,200   2,021,042                                   -279  
1916   2,225,500                                                     
1917   2,018,023                                                     

***************************************************************************************

Ставропольская

год       ЦСК             УГВИ                 чр      чс    мигр  
==== =========== ========================================== =======
1886                                         36,807  27,992          
1887                                         38,137  28,726          
1888                 667,511 64.6 37.4 27.3  43,139  24,945          
1889                 670,648 61.5 44.6 16.9  41,233  29,882          
1890                 672,358 67.6 46.8 20.8  45,449  31,455          
1891                 685,943 63.5 53.1 10.4  43,549  36,430          
1892                 695,577 67.7 68.5 -0.8  47,075  47,659          
1893                 695,366 71.2 45.2 26.0  49,519  31,405          
1894                 714,436 70.5 46.5 24.1  50,383  33,189          
1895                 732,775 73.2 46.5 26.7  53,625  34,085          
1896                 753,355 73.1 45.1 28.1  55,102  33,940     -16  
1897                 875,268 62.6 41.0 21.6  54,801  35,918       6  
1898                 876,566 56.1 38.5 17.7  49,199  33,724    -131  
1899                 912,639 60.4 45.1 15.3  55,101  41,173      17  
1900                 933,479 57.7 29.5 28.2  53,859  27,564     -55  
1901                 952,317 57.6 32.3 25.3  54,835  30,752     100  
1902                 971,232 61.0 38.7 22.3  59,291  37,635      10  
1903                 996,280 62.6 34.8 27.8  62,323  34,666    -331  
1904     955,100   1,024,079 63.0 29.6 33.5  64,563  30,284    -112  
1905     989,400   1,056,015 59.5 36.9 22.6  62,810  38,927    -316  
1906   1,023,700   1,076,875 60.8 34.9 25.8  65,461  37,626    -720  
1907   1,048,100   1,108,915 62.1 33.2 29.0  68,916  36,782  -1,039  
1908   1,088,800   1,137,362 59.0 37.8 21.3  67,142  42,949  -2,349  
1909   1,168,300   1,175,415 57.9 41.6 16.3  68,031  48,905  -5,041  
1910   1,231,100   1,200,800 56.7 48.4  8.3  68,028  58,118  -4,185  
1911   1,273,400   1,198,948 57.2 30.0 27.2  68,546  35,920  -2,413  
1912   1,294,400   1,230,591 56.6 31.7 24.9  69,681  39,059  -6,594  
1913   1,312,100   1,258,525 57.3 31.1 26.2  72,118  39,177  -7,578  
1914   1,329,000   1,283,034 56.7 38.5 18.3  72,789  49,338  -3,785  
1915   1,353,500   1,293,652                                    259  
1916   1,360,900                                                     
1917   1,170,627                                                     

***************************************************************************************

Сувалкская

год       ЦСК             УГВИ                 чр      чс    мигр  
==== =========== ========================================== =======
1881                                         17,512  13,128          
1882                 603,174 29.3 22.0  7.4  17,692  13,248          
1883                 607,100 34.1 22.5 11.6  20,685  13,655          
1884                 606,573 31.4 20.8 10.6  19,054  12,614          
1885                 620,043 32.4 25.1  7.3  20,094  15,558          
1886                 624,579 35.7 23.4 12.3  22,309  14,613          
1887                                         20,886  15,444          
1888                 656,932 32.5 24.8  7.7  21,370  16,295          
1889                 688,317 30.8 23.4  7.4  21,191  16,117          
1890                 689,765 29.1 20.2  8.9  20,045  13,906          
1891                 695,904 29.8 21.8  7.9  20,718  15,199          
1892                 708,453 29.3 23.1  6.2  20,760  16,356          
1893                 706,475 29.9 22.1  7.8  21,118  15,597          
1894                 658,982 33.0 24.7  8.3  21,767  16,281          
1895                 615,968 34.3 25.4  8.9  21,124  15,650          
1896                 699,245 31.7 22.9  8.8  22,164  15,985  -3,527  
1897                 653,858 35.9 26.1  9.7  23,455  17,090  -2,663  
1898                 671,566 33.4 22.4 11.0  22,427  15,056  -4,234  
1899                 688,470 32.9 23.4  9.5  22,674  16,138  -6,646  
1900                 698,752 33.3 25.4  7.9  23,241  17,742  -7,794  
1901                 715,753 31.5 25.7  5.8  22,549  18,388  -8,705  
1902                 731,707 30.6 23.6  7.1  22,412  17,251 -11,745  
1903                 720,228 31.9 24.2  7.7  22,974  17,446 -12,303  
1904     625,600     612,410 34.4 26.8  7.6  21,060  16,415 -14,038  
1905     629,100     617,348 34.4 26.3  8.0  21,220  16,260 -15,782  
1906     633,900     616,469 29.8 22.5  7.3  18,396  13,881 -19,521  
1907     638,600     620,965 29.8 21.4  8.3  18,481  13,303 -17,237  
1908     644,300     628,770 28.6 21.3  7.3  17,960  13,387 -11,821  
1909     652,300     634,499 27.0 20.4  6.5  17,101  12,973 -18,641  
1910     667,300     677,393 25.3 18.6  6.7  17,114  12,586 -19,848  
1911     681,300     651,451 22.2 14.8  7.4  14,482   9,637 -14,252  
1912     693,000     655,740 24.0 17.4  6.6  15,736  11,385 -24,868  
1913     704,800     654,280 23.8 16.4  7.4  15,594  10,749 -27,942  
1914     718,000     650,209                                -10,683  
1915     718,000                                               -488  

***************************************************************************************

Сыр-Дарьинская обл.

год       ЦСК             УГВИ                 чр      чс    мигр  
==== =========== ========================================== =======
1882               1,109,542                                         
1883               1,109,542                                         
1884               1,109,542                                         
1885               1,203,000                                         
1886               1,212,600                                         
1888               1,015,760                                         
1889               1,183,344                                         
1890               1,143,584  6.6  3.8  2.8   7,525   4,334          
1891               1,139,062 13.8  6.7  7.1  15,688   7,598          
1892               1,164,507                                         
1893               1,286,129  0.4  0.3  0.2     573     348          
1894               1,267,912 17.1 11.7  5.4  21,631  14,776          
1895               1,267,912 23.8 18.7  5.1  30,167  23,665          
1896               1,319,810 14.1 10.4  3.7  18,644  13,792  -2,086  
1897               1,373,584 12.0  8.0  4.1  16,540  10,970      60  
1898               1,425,755 13.9  7.9  6.0  19,785  11,248     -18  
1899               1,477,606  9.9  6.0  3.9  14,646   8,847    -157  
1900               1,516,075 16.6  8.5  8.1  25,208  12,883    -231  
1901               1,562,205 15.0  8.5  6.5  23,458  13,302    -406  
1902               1,610,936                                   -267  
1903               1,612,315                                   -478  
1904   1,686,500   1,628,324                                   -304  
1905   1,756,200   1,686,500                                    -70  
1906   1,779,000   1,629,180 40.9 27.2 13.7  66,631  44,382     280  
1907   1,795,400   1,629,200 36.3 20.9 15.4  59,139  34,124     442  
1908   1,815,400   1,667,468 44.9 33.7 11.2  74,789  56,176   1,575 *
1909   1,837,200   1,692,602 31.6 21.2 10.4  53,497  35,919   4,012  
1910   1,858,200   1,710,174 33.1 19.3 13.8  56,596  33,027     677  
1911   1,874,100   1,795,023 37.3 21.6 15.7  66,893  38,798      70  
1912   1,897,300   1,911,464 36.7 17.8 18.9  70,203  34,025     788  
1913   1,989,800   1,998,500 33.1 18.3 14.7  66,054  36,672   2,314  
1914   2,012,300   1,985,311                                  1,750  
1915   2,026,100   2,012,300                                    121  
1916   2,132,400                                                     
1917   1,895,040                                                     

***************************************************************************************

Таврическая

год       ЦСК             УГВИ                 чр      чс    мигр  
==== =========== ========================================== =======
1881                                         45,858  25,045          
1882                 946,603 50.8 26.7 24.2  48,128  25,229          
1883                 933,595 54.1 32.1 22.1  50,547  29,947          
1884                 968,605 50.9 27.8 23.2  49,334  26,903          
1885               1,023,936 49.9 29.6 20.3  51,059  30,293          
1886               1,021,209 46.6 31.0 15.6  47,573  31,673          
1887                                         53,187  33,825          
1888               1,096,670 49.5 32.2 17.3  54,265  35,313          
1889               1,104,314 52.0 29.4 22.5  57,405  32,507          
1890               1,079,875 55.1 32.3 22.8  59,522  34,918          
1891               1,141,751 50.7 31.0 19.7  57,887  35,405          
1892               1,181,169 47.5 32.1 15.5  56,143  37,863          
1893               1,211,270 46.9 26.2 20.8  56,864  31,718          
1894               1,214,841 52.0 30.3 21.7  63,178  36,827          
1895               1,280,834 51.4 28.2 23.2  65,813  36,137          
1896               1,308,382 51.5 25.3 26.2  67,383  33,055     560  
1897               1,423,835 48.3 22.8 25.5  68,771  32,475     700  
1898               1,426,837 51.0 26.3 24.7  72,718  37,471     212  
1899               1,458,892 48.0 25.6 22.5  70,050  37,296    -313  
1900               1,479,164 46.3 23.8 22.4  68,430  35,235  -2,161  
1901               1,524,392 44.0 24.9 19.1  67,123  37,971  -1,903  
1902               1,562,106 45.6 27.1 18.5  71,160  42,266  -2,541  
1903               1,561,711 44.0 22.9 21.1  68,709  35,816  -2,616  
1904               1,578,942 47.2 22.8 24.4  74,523  35,979  -1,090  
1905               1,608,952 45.9 27.3 18.6  73,851  43,892  -1,449  
1906               1,610,528 46.3 28.0 18.3  74,597  45,095  -5,176  
1907               1,636,864 50.0 26.8 23.2  81,860  43,923  -5,419  
1908               1,717,773 47.9 25.8 22.1  82,252  44,239 -17,599  
1909               1,799,679 47.1 25.0 22.1  84,707  45,006 -25,090  
1910               1,786,240 48.0 27.9 20.1  85,748  49,878 -12,660  
1911               1,831,863 45.2 25.2 20.0  82,850  46,151    -407  
1912               1,886,566 41.9 23.5 18.4  79,065  44,382  -2,759  
1913               1,946,465 44.9 23.5 21.4  87,386  45,828 -11,270  
1914               1,950,420 44.0 23.8 20.2  85,729  46,327 -13,960  
1915               1,887,842                                   -829  

***************************************************************************************

Тамбовская

год       ЦСК             УГВИ                 чр      чс    мигр  
==== =========== ========================================== =======
1881                                        121,575  83,495          
1882               2,458,568 51.3 41.7  9.6 126,161 102,526          
1883               2,490,313 49.5 37.2 12.3 123,308  92,663          
1884               2,519,656 52.8 33.7 19.1 133,057  84,923          
1885               2,566,447 49.2 32.4 16.8 126,222  83,184          
1886               2,607,871 50.8 30.8 20.0 132,396  80,205          
1887                                        137,464  81,472          
1888               2,730,145 51.7 32.6 19.0 141,051  89,139          
1889               2,782,788 50.6 36.3 14.3 140,700 100,954          
1890               2,827,457 47.4 37.4  9.9 133,938 105,819          
1891               2,871,526 48.5 39.9  8.6 139,346 114,659          
1892               2,907,014 43.6 43.8 -0.2 126,676 127,258          
1893               2,908,264 48.4 37.4 11.0 140,738 108,656          
1894               2,944,306 47.7 40.6  7.1 140,589 119,649          
1895               2,957,433 49.2 41.3  7.9 145,453 122,006          
1896               2,987,710 48.5 31.5 17.0 144,989  94,155  -5,702  
1897               2,715,265 54.6 33.2 21.4 148,253  90,037  -2,420  
1898               2,769,204 50.3 40.1 10.2 139,331 111,021 -15,373  
1899               3,011,523 49.2 28.8 20.4 148,152  86,606 -14,488  
1900               3,085,873 50.4 29.6 20.8 155,565  91,358  -4,081  
1901               3,149,625 49.5 34.0 15.5 155,877 107,068  -1,898  
1902               3,161,116 49.6 34.1 15.5 156,869 107,858  -1,758  
1903               3,205,287 51.8 31.4 20.4 166,143 100,619  -2,181  
1904   3,048,700   3,259,973 51.6 28.5 23.1 168,055  92,768    -307  
1905   3,124,100   3,284,854 48.6 31.8 16.8 159,665 104,514    -204  
1906   3,205,200   3,328,122 50.5 30.8 19.6 167,918 102,558  -4,972  
1907   3,270,700   3,360,214 52.7 29.8 22.8 176,976 100,218 -20,087  
1908   3,354,900   3,449,339 50.4 31.5 18.9 173,771 108,504 -19,573  
1909   3,372,700   3,514,997 48.9 32.6 16.3 171,954 114,507 -20,450  
1910   3,412,900   3,569,947 48.2 29.8 18.3 171,898 106,464   1,800  
1911   3,442,700   3,631,329 49.3 28.8 20.5 179,021 104,524     222  
1912   3,473,000   3,694,485 47.5 28.5 19.0 175,623 105,263  -7,247  
1913   3,502,700   3,767,236 47.3 30.0 17.3 178,331 112,977 -11,742  
1914   3,530,000   3,843,537 46.7 28.4 18.3 179,478 109,126 -13,122  
1915   3,555,000   3,858,586                                   -332  
1916   3,579,200                                                     
1917   3,851,019                                                     

***************************************************************************************

Тверская

год       ЦСК             УГВИ                 чр      чс    мигр  
==== =========== ========================================== =======
1881                                         79,682  53,221          
1882               1,644,600 48.3 39.1  9.2  79,477  64,292          
1883               1,617,685 50.2 33.8 16.4  81,212  54,674          
1884               1,646,683 50.4 35.2 15.3  83,074  57,926          
1885               1,725,100 44.1 39.0  5.2  76,142  67,200          
1886               1,734,042 46.5 33.3 13.2  80,567  57,684          
1887                                         81,758  56,822          
1888               1,781,861 48.6 30.8 17.8  86,639  54,869          
1889               1,813,631 44.3 36.4  7.9  80,416  66,048          
1890               1,827,999 46.6 33.9 12.7  85,187  62,036          
1891               1,851,150 47.6 30.8 16.8  88,071  57,003          
1892               1,882,218 44.1 32.4 11.7  82,968  60,891          
1893               1,904,295 45.8 32.3 13.5  87,280  61,561          
1894               1,930,014 44.4 31.5 12.9  85,779  60,890          
1895               1,954,903 44.2 36.4  7.8  86,314  71,094          
1896               1,970,123 44.8 33.8 11.0  88,178  66,574    -199  
1897               1,912,559 47.0 33.6 13.4  89,815  64,180     -89  
1898               1,976,494 45.7 33.1 12.5  90,233  65,455      25  
1899               2,043,290 46.2 27.9 18.3  94,327  56,952      -5  
1900               2,079,665 44.4 32.3 12.1  92,374  67,275    -126  
1901               2,104,704 44.2 38.0  6.3  93,133  79,946    -156  
1902               2,117,891 48.8 29.0 19.8 103,281  61,400     -11  
1903               2,111,646 42.9 33.9  9.0  90,647  71,625     -35  
1904   1,999,300   2,153,527 48.1 30.5 17.6 103,611  65,685     -13  
1905   2,037,200   2,153,527 41.8 34.5  7.3  90,030  74,232     -57  
1906   2,053,000   2,142,042 45.4 34.0 11.4  97,301  72,894    -309  
1907   2,074,100   2,169,025 46.3 28.7 17.6 100,432  62,303    -477  
1908   2,098,700   2,211,433 39.7 28.6 11.1  87,762  63,150    -564  
1909   2,139,600   2,230,272 40.7 30.1 10.6  90,813  67,240    -933  
1910   2,177,200   2,259,763 40.9 31.1  9.8  92,536  70,300    -209  
1911   2,213,800   2,281,997 42.1 26.3 15.8  95,971  60,007    -276  
1912   2,250,200   2,318,273 40.0 26.2 13.7  92,667  60,853    -445  
1913   2,351,100   2,349,763 39.8 28.4 11.5  93,589  66,673      25  
1914   2,394,100   2,376,679 41.4 25.9 15.4  98,337  61,633      40  
1915   2,402,900   2,413,383                                    -11  
1916   2,410,200                                                     
1917   2,284,124                                                     

***************************************************************************************

Терская обл.

год       ЦСК             УГВИ                 чр      чс    мигр  
==== =========== ========================================== =======
1886                                         21,518  17,590          
1887                                         23,781  16,400          
1888                 699,875 32.5 24.0  8.5  22,719  16,794          
1889                 705,616 30.5 21.6  8.9  21,510  15,212          
1890                 737,556 36.6 24.5 12.1  26,995  18,098          
1891                 775,978 35.6 22.0 13.6  27,658  17,084          
1892                 782,596 35.2 39.2 -4.0  27,519  30,672          
1893                 794,992 37.0 28.0  9.1  29,427  22,226          
1894                 806,099 38.8 26.3 12.6  31,292  21,174          
1895                 821,733 36.8 22.4 14.3  30,200  18,409          
1896                 845,083 36.0 22.4 13.6  30,454  18,964      55  
1897                 854,862 37.0 24.4 12.6  31,644  20,846      76  
1898                 871,148 34.8 22.2 12.5  30,283  19,379      74  
1899                 887,698 33.8 24.9  8.9  30,008  22,126      74  
1900                 904,365 35.2 23.8 11.4  31,827  21,479      84  
1901                 918,596 38.1 23.4 14.7  34,987  21,502      79  
1902                 934,567 40.1 24.5 15.6  37,437  22,861     -48  
1903                 956,813 38.7 21.8 16.9  37,035  20,853     -56  
1904   1,006,600     980,924 38.3 20.6 17.7  37,616  20,215     -99  
1905   1,023,700   1,007,269 39.1 25.8 13.3  39,408  26,029    -155  
1906   1,044,800   1,025,302 41.6 24.7 16.9  42,620  25,321    -319  
1907   1,079,700   1,056,799 41.1 22.0 19.1  43,419  23,284    -241  
1908   1,124,300   1,075,915 42.1 26.8 15.2  45,265  28,888    -336  
1909   1,150,400   1,104,465 43.6 25.7 17.9  48,134  28,418    -800  
1910   1,182,700   1,125,891 43.8 28.5 15.3  49,315  32,124    -542 *
1911   1,214,700   1,152,374 42.5 25.4 17.1  48,944  29,266    -265 *
1912   1,231,600   1,196,497 43.7 24.3 19.4  52,243  29,044    -506 *
1913   1,246,700   1,197,497 45.5 24.4 21.1  54,464  29,244    -722 *
1914   1,261,200   1,235,219 46.2 26.9 19.3  57,068  33,268    -526 *
1915   1,314,900   1,321,328                                     66  
1916   1,339,100                                                     
1917   1,280,705                                                     

***************************************************************************************

Тифлисская

год       ЦСК             УГВИ                 чр      чс    мигр  
==== =========== ========================================== =======
1886                                         31,644  20,619          
1887                                         29,829  15,884          
1888                 819,264 34.9 18.9 16.0  28,629  15,520          
1889                 823,537 36.1 23.3 12.8  29,708  19,179          
1890                 832,384 32.4 23.0  9.5  26,999  19,113          
1891                 800,875 38.1 25.2 12.9  30,534  20,196          
1892                 832,384 33.1 25.5  7.6  27,519  21,201          
1893                 834,734 37.3 24.4 12.9  31,095  20,355          
1894                 833,722 40.5 27.1 13.4  33,764  22,604          
1895               1,074,547 33.5 22.1 11.5  36,040  23,716          
1896               1,057,139 31.2 18.8 12.4  32,942  19,828      78  
1897               1,038,742 33.2 21.3 11.9  34,462  22,080     200  
1898               1,051,885 31.5 21.0 10.5  33,154  22,098     190  
1899               1,063,155 31.2 23.7  7.6  33,190  25,159     148  
1900               1,075,235 32.6 19.6 12.9  34,999  21,115      73  
1901               1,079,119 33.5 19.0 14.5  36,169  20,509     137  
1902               1,083,214 31.3 17.9 13.5  33,955  19,381      52  
1903                 969,533 39.2 21.6 17.6  38,017  20,988      20 *
1904   1,035,600     994,575 35.9 18.4 17.4  35,683  18,347     -87 *
1905   1,138,400   1,118,549 36.3 18.6 17.7  40,558  20,778    -215 *
1906   1,081,900   1,109,063 35.6 18.3 17.4  39,530  20,277    -361 *
1907   1,097,600   1,150,488 36.0 18.4 17.6  41,400  21,166     -72 *
1908   1,117,100   1,173,452 34.3 19.6 14.7  40,226  22,976      23 *
1909   1,145,400   1,247,473 35.3 19.2 16.2  44,095  23,892      93 *
1910   1,163,600   1,201,894 37.5 21.5 16.0  45,106  25,880    -134 *
1911   1,183,300   1,277,290 33.4 21.5 11.9  42,676  27,524      37 *
1912   1,202,500   1,378,972 35.3 19.7 15.6  48,740  27,165      31 *
1913   1,219,700   1,402,001 33.3 19.4 14.0  46,728  27,143      58 *
1914   1,359,600   1,507,330 32.2 17.9 14.3  48,463  26,951    -159 *
1915   1,394,800   1,460,802                                    -58  
1916   1,412,800                                                     
1917   1,302,338                                                     

***************************************************************************************

Тобольская

год       ЦСК             УГВИ                 чр      чс    мигр  
==== =========== ========================================== =======
1881                                         70,570  54,608          
1882               1,279,433 54.4 39.6 14.7  69,542  50,718          
1883               1,248,755 59.6 52.3  7.3  74,423  65,251          
1884               1,207,560 59.7 51.4  8.3  72,053  62,028          
1885               1,318,872 53.9 38.7 15.2  71,049  51,053          
1886               1,346,287 52.4 46.2  6.1  70,483  62,239          
1887                                         73,916  60,160          
1888               1,375,455 52.8 46.4  6.4  72,606  63,817          
1889               1,396,310 51.5 42.4  9.2  71,973  59,180          
1890               1,408,987 52.4 41.4 11.0  73,772  58,271          
1891               1,411,475 52.2 43.4  8.8  73,710  61,275          
1892               1,424,767 44.7 64.1 -19.3  63,752  91,317          
1893               1,397,460 50.4 32.1 18.2  70,413  44,927          
1894               1,462,658 47.8 36.9 10.9  69,872  53,900          
1895               1,467,371 51.8 38.8 13.0  76,012  56,936          
1896               1,522,144 50.9 40.2 10.7  77,410  61,135  38,990  
1897               1,412,027 57.3 39.3 17.9  80,845  55,507  14,182  
1898               1,438,484 54.7 40.9 13.8  78,728  58,843  19,608  
1899               1,474,804 58.7 39.7 19.0  86,597  58,534   8,005  
1900               1,493,244 60.4 45.5 14.8  90,140  67,996   8,471  
1901               1,523,244 59.9 38.6 21.3  91,242  58,834   4,087  
1902               1,555,652 55.7 46.0  9.7  86,640  71,575   3,776  
1903               1,638,360 56.0 36.0 20.0  91,769  58,991   6,230  
1904   1,604,000   1,653,515 56.9 43.3 13.7  94,149  71,573     481  
1905   1,626,500   1,685,921 52.1 34.0 18.1  87,863  57,339   1,180  
1906   1,656,700   1,808,935 53.6 37.8 15.7  96,885  68,427  12,586  
1907   1,687,100   1,747,254 59.0 42.2 16.8 103,008  73,726  30,003  
1908   1,722,200   1,747,254 60.2 40.3 19.9 105,192  70,483  26,566  
1909   1,769,800   1,798,814 59.6 44.9 14.7 107,248  80,766  27,237  
1910   1,818,400   1,898,053 61.1 40.2 20.9 115,914  76,250  14,310  
1911   1,842,400   1,975,239 57.5 38.8 18.7 113,599  76,686   8,766  
1912   1,963,300   2,038,755 52.3 36.1 16.2 106,569  73,607   7,440  
1913   2,005,500   2,107,226 53.6 39.0 14.6 112,915  82,181  17,945  
1914   2,054,400   2,103,294 55.8 38.1 17.7 117,379  80,174  17,124  
1915   2,085,700   2,125,692                                  2,212  
1916   2,113,900                                                     
1917   2,196,659                                                     

***************************************************************************************

Томская

год       ЦСК             УГВИ                 чр      чс    мигр  
==== =========== ========================================== =======
1881                                         46,003  27,051          
1882               1,078,080 53.3 31.4 21.9  57,466  33,842          
1883               1,078,080 53.3 32.9 20.4  57,466  35,470          
1884               1,078,605 56.0 33.1 22.9  60,417  35,671          
1885               1,163,857 52.2 30.1 22.1  60,706  34,982          
1886               1,196,065 47.9 26.3 21.6  57,307  31,511          
1887                                         63,934  31,465          
1888               1,256,792 51.0 29.6 21.4  64,076  37,149          
1889               1,328,225 46.9 27.0 19.9  62,348  35,858          
1890               1,393,569 48.5 27.6 20.9  67,604  38,492          
1891               1,422,681 44.0 24.5 19.5  62,629  34,862          
1892               1,423,100 54.4 43.7 10.8  77,447  62,123          
1893               1,414,440 62.5 36.7 25.8  88,348  51,896          
1894               1,417,196 62.4 37.4 25.0  88,440  52,953          
1895               1,417,414 62.4 37.4 25.0  88,441  52,953          
1896               1,438,232 67.3 39.3 27.9  96,724  56,544  63,556  
1897               1,949,829 51.9 23.2 28.7 101,119  45,178  26,595  
1898               1,988,243 50.7 28.1 22.6 100,855  55,950  82,185  
1899               2,045,923 52.9 29.9 23.0 108,236  61,128  90,417  
1900               2,098,584 55.0 35.5 19.5 115,373  74,439  61,321  
1901               2,138,274 53.5 27.6 25.8 114,291  59,048  17,458  
1902               2,182,933 53.3 29.6 23.7 116,334  64,690  10,948  
1903               2,239,375 57.0 23.8 33.2 127,567  53,233  23,487  
1904   2,278,800   2,348,222 53.4 33.0 20.4 125,307  77,509   3,787  
1905   2,327,500   2,397,571 46.4 31.3 15.1 111,344  75,096   4,090  
1906   2,412,700   2,415,058 58.7 35.6 23.2 141,871  85,924  40,633  
1907   2,485,400   2,553,423 56.6 33.0 23.6 144,494  84,299 199,923  
1908   2,537,800   2,755,326 60.3 37.7 22.6 166,235 103,839 319,651  
1909   3,117,700   3,100,940 66.4 39.9 26.4 205,816 123,826 252,377  
1910   3,170,300   3,453,985 60.8 34.7 26.1 209,882 119,869  41,604  
1911   3,228,300   3,867,623 53.8 31.7 22.1 208,159 122,733  28,182  
1912   3,855,200   3,850,666 56.7 34.0 22.7 218,312 131,090  71,844  
1913   3,919,800   4,011,424 55.9 34.1 21.8 224,135 136,811  67,692  
1914   3,999,000   4,181,444 54.2 31.6 22.6 226,588 131,947  59,017  
1915   4,053,700   4,215,163                                  5,117  
1916   4,100,300                                                     
1917   3,960,073                                                     

***************************************************************************************

Тульская

год       ЦСК             УГВИ                 чр      чс    мигр  
==== =========== ========================================== =======
1881                                         68,148  50,144          
1882               1,327,200 56.0 48.8  7.3  74,348  64,701          
1883               1,340,866 55.3 41.8 13.5  74,137  56,051          
1884               1,360,000 54.1 41.9 12.2  73,583  56,996          
1885               1,392,385 52.4 40.6 11.8  73,017  56,589          
1886               1,409,932 47.8 37.2 10.6  67,417  52,430          
1887                                         73,483  50,229          
1888               1,445,600 52.7 35.7 17.0  76,217  51,590          
1889               1,475,183 50.1 44.4  5.7  73,898  65,492          
1890               1,486,195 53.3 40.6 12.7  79,257  60,358          
1891               1,515,881 51.2 45.1  6.2  77,644  68,307          
1892               1,544,786 48.0 45.7  2.3  74,159  70,585          
1893               1,531,572 50.7 42.3  8.3  77,602  64,823          
1894               1,547,905 49.4 43.8  5.6  76,511  67,803          
1895               1,562,191 52.7 41.2 11.6  82,389  64,291          
1896               1,592,451 52.3 36.0 16.3  83,327  57,395  -4,440  
1897               1,431,322 62.1 40.3 21.8  88,892  57,747  -1,212  
1898               1,454,113 53.4 42.9 10.5  77,639  62,396  -5,932  
1899               1,467,986 55.5 40.6 14.8  81,412  59,668  -3,222  
1900               1,479,730 57.3 43.4 13.9  84,797  64,188    -801  
1901               1,490,341 56.6 39.1 17.5  84,302  58,259    -218  
1902               1,517,384 59.8 37.6 22.2  90,672  57,007    -207  
1903               1,686,532 51.1 35.4 15.8  86,217  59,640    -258  
1904   1,595,800   1,686,532 53.5 34.3 19.2  90,206  57,852    -109  
1905   1,626,200   1,746,774 45.9 39.6  6.3  80,207  69,227    -253  
1906   1,662,600   1,779,138 48.8 35.1 13.7  86,796  62,411    -856  
1907   1,689,800   1,783,489 50.1 31.7 18.4  89,264  56,453  -4,705  
1908   1,722,100   1,783,489 47.9 31.9 16.0  85,425  56,957  -2,822  
1909   1,743,800   1,830,741 49.0 35.5 13.5  89,705  65,023  -2,347  
1910   1,773,700   1,859,209 47.3 33.9 13.4  87,947  63,039  -1,045  
1911   1,801,800   1,913,576 45.6 26.9 18.7  87,237  51,410    -624  
1912   1,829,200   1,913,576 45.5 29.9 15.6  87,054  57,253    -891  
1913   1,858,600   1,946,587 42.4 31.7 10.6  82,474  61,754  -1,693  
1914   1,886,200   1,983,258 42.3 29.6 12.7  83,949  58,705  -2,447  
1915   2,016,000   1,970,000                                   -326  
1916   2,056,800                                                     
1917   1,876,373                                                     

***************************************************************************************

Тургайская обл.

год       ЦСК             УГВИ                 чр      чс    мигр  
==== =========== ========================================== =======
1882                 320,075                                         
1883                 320,075                                         
1884                 333,190                                         
1885                 333,190  1.8  1.7  0.1     592     555          
1886                 332,000  2.8  1.7  1.1     945     577          
1887                                          1,145     820          
1888                 343,485  4.4  2.5  2.0   1,523     842          
1889                 351,243 22.1 14.6  7.4   7,756   5,144          
1890                 370,651 31.4 20.1 11.4  11,648   7,437          
1891                 397,959 26.3 16.7  9.6  10,456   6,631          
1892                 387,959 26.8 16.6 10.2  10,398   6,426          
1893                 378,979 27.2 18.1  9.1  10,316   6,868          
1894                 373,003 24.2 15.0  9.2   9,032   5,596          
1895                 386,300 26.1 16.1 10.0  10,092   6,217          
1896                 373,385 28.6 15.0 13.6  10,680   5,591      52  
1897                 416,418 25.5 15.2 10.3  10,607   6,325     320  
1898                 436,566 31.3 21.0 10.3  13,659   9,179   1,219  
1899                 447,847 33.5 20.3 13.2  15,022   9,110   3,479  
1900                 449,522 34.0 19.5 14.4  15,268   8,788   3,134  
1901                 461,362 35.0 20.5 14.5  16,143   9,457   3,061  
1902                 489,627 37.2 23.8 13.4  18,220  11,639   6,549  
1903                 478,080 40.3 24.7 15.5  19,249  11,819   7,974  
1904     496,900     534,898 37.3 22.7 14.6  19,934  12,124  15,141  
1905     504,400     577,508 34.2 20.1 14.1  19,771  11,624   7,586  
1906     511,800     568,342 33.1 21.8 11.3  18,807  12,399  14,822  
1907     533,100     580,628 38.7 23.8 14.9  22,496  13,839   8,957  
1908     557,100     592,551 43.9 27.9 16.0  25,988  16,508  34,377  
1909     566,100     614,171 45.7 28.7 17.0  28,055  17,616  31,975  
1910     617,200     680,510 43.2 30.3 12.9  29,382  20,590  21,811  
1911     624,000     712,971 48.1 30.9 17.3  34,324  22,009  -6,249 *
1912     680,100     749,143 55.7 26.4 29.2  41,711  19,811     840 *
1913     689,500     798,737 48.6 29.3 19.3  38,803  23,407  16,828 *
1914     697,700     823,885 48.4 30.2 18.2  39,877  24,917  23,481 *
1915     706,200     842,406                                  2,402  
1916     837,300                                                     
1917     767,696                                                     

***************************************************************************************

Уральская обл.

год       ЦСК             УГВИ                 чр      чс    мигр  
==== =========== ========================================== =======
1881                                          3,885   3,400          
1882                 525,332  8.4  6.9  1.5   4,423   3,641          
1883                 532,640  7.5  5.2  2.3   4,004   2,756          
1884                 506,347  8.8  5.4  3.4   4,473   2,758          
1885                 509,212  8.4  7.1  1.4   4,295   3,598          
1886                 527,601  8.1  5.5  2.6   4,278   2,890          
1887                                          4,219   3,053          
1888                 547,162 12.6  8.2  4.4   6,921   4,511          
1889                 547,162 14.6 10.2  4.4   8,009   5,576          
1890                 559,552 14.1  7.9  6.1   7,889   4,448          
1891                 562,485 13.4 10.1  3.3   7,527   5,682          
1892                 584,903 14.5 15.1 -0.6   8,473   8,844          
1893                 538,960 28.0 19.6  8.3  15,068  10,586          
1894                 545,388 30.5 20.8  9.7  16,655  11,370          
1895                 549,076 16.6  9.8  6.8   9,110   5,369          
1896                 558,220 38.3 20.7 17.5  21,352  11,561       2  
1897                 622,719 32.9 16.0 16.9  20,495   9,941       4  
1898                 645,149 35.8 19.1 16.7  23,099  12,309       4  
1899                 665,763 33.6 24.4  9.2  22,340  16,225     -10  
1900                 683,867 31.1 19.4 11.7  21,272  13,251       6  
1901                 691,070 29.6 15.4 14.2  20,460  10,630       2  
1902                 700,014 28.7 18.9  9.9  20,110  13,209      -4  
1903                 709,165 30.2 16.0 14.1  21,410  11,382      -3  
1904     719,500     719,320 28.1 21.0  7.1  20,222  15,088      11  
1905     725,300     719,320 27.8 21.0  6.8  20,005  15,101       8  
1906     730,300     724,639 27.6 17.6 10.0  19,985  12,768      -5  
1907     741,300     729,551 26.3 16.6  9.7  19,197  12,144     220  
1908     758,800     736,765 27.3 18.6  8.7  20,115  13,720   5,138  
1909     769,000     750,228 26.8 18.5  8.3  20,139  13,893  11,882  
1910     775,400     777,976 28.9 19.6  9.3  22,453  15,223   6,592  
1911     782,300     777,443 24.5 19.0  5.6  19,079  14,740  -2,375  
1912     834,100     804,245 21.8 17.3  4.5  17,525  13,877     576  
1913     849,800     804,625 24.8 18.1  6.6  19,941  14,596  10,495  
1914     867,100     818,260 25.3 18.3  7.0  20,701  14,953  14,774  
1915     889,600     835,928                                    923  
1916     898,100                                                     
1917     882,026                                                     

***************************************************************************************

Уфимская

год       ЦСК             УГВИ                 чр      чс    мигр  
==== =========== ========================================== =======
1881                                         83,433  52,443          
1882               1,684,621 53.5 32.6 20.9  90,205  54,983          
1883               1,771,988 50.2 40.6  9.6  88,954  71,979          
1884               1,793,256 53.5 30.7 22.8  95,916  55,115          
1885               1,835,630 47.5 29.2 18.4  87,264  53,545          
1886               1,874,154 50.8 30.5 20.3  95,184  57,130          
1887                                         88,719  64,553          
1888               1,942,491 49.5 32.7 16.8  96,188  63,512          
1889               1,980,301 48.4 30.1 18.3  95,902  59,622          
1890               2,017,546 48.9 33.7 15.2  98,722  68,008          
1891               2,051,093 50.2 33.0 17.1 102,867  67,708          
1892               2,088,602 42.2 47.4 -5.3  88,048  99,041          
1893               2,087,489 49.0 34.6 14.4 102,285  72,197          
1894               2,122,214 53.5 27.3 26.2 113,509  57,858          
1895               2,182,587 50.9 28.7 22.2 111,080  62,696          
1896               2,234,262 52.4 31.5 20.9 117,091  70,311    -774  
1897               2,259,838 53.2 27.4 25.8 120,155  61,943    -174  
1898               2,324,241 47.2 30.2 17.0 109,659  70,238  -3,033  
1899               2,383,140 44.5 29.9 14.7 106,163  71,194  -1,443  
1900               2,435,621 48.2 29.8 18.4 117,409  72,524    -354  
1901               2,489,476 49.9 27.3 22.6 124,240  67,953      16  
1902               2,524,917 47.2 30.7 16.6 119,300  77,397    -204  
1903               2,570,873 52.6 26.5 26.1 135,113  68,078   2,355  
1904   2,537,300   2,641,186 49.1 38.0 11.1 129,772 100,343   2,397  
1905   2,566,900   2,628,279 53.2 32.8 20.4 139,950  86,214   4,047  
1906   2,620,600   2,628,279 57.3 29.0 28.2 150,556  76,350     522  
1907   2,694,700   2,675,835 49.0 29.3 19.7 130,996  78,320  -2,448  
1908   2,777,700   2,773,662 52.3 28.6 23.7 144,987  79,201  -2,638  
1909   2,835,500   2,838,117 52.0 32.8 19.2 147,687  93,080   1,042  
1910   2,890,700   2,900,001 55.8 32.1 23.7 161,770  93,145   6,131  
1911   2,942,900   2,958,071 53.2 32.6 20.6 157,318  96,382   2,418  
1912   2,988,500   3,036,792 45.3 30.1 15.2 137,674  91,418  -7,873  
1913   3,031,200   3,096,837 47.6 30.0 17.6 147,275  92,785  -8,237  
1914   3,099,200   3,143,093 47.0 26.9 20.1 147,697  84,641  -4,295  
1915   3,139,100   3,103,309                                   -174  
1916   3,170,400                                                     
1917   3,436,016                                                     

***************************************************************************************

Ферганская обл.

год       ЦСК             УГВИ                 чр      чс    мигр  
==== =========== ========================================== =======
1882                 808,000 32.7 22.7 10.0  26,437  18,341          
1883                 800,304                                         
1884                 659,636  0.3  0.2  0.1     223     137          
1885                 716,124                                         
1888                 716,133 59.4 38.5 20.9  42,533  27,557          
1889                 815,934 17.4 12.0  5.5  14,229   9,779          
1890                 815,934 59.0 44.2 14.8  48,145  36,045          
1891                 804,949 66.3 42.5 23.8  53,374  34,218          
1892                 834,965 11.2  7.7  3.5   9,316   6,388          
1893                 846,040 33.3 13.6 19.8  28,180  11,468          
1894                 908,562 34.6 16.2 18.4  31,447  14,689          
1895                 938,302 44.1 22.2 22.0  41,395  20,791          
1896                 918,148 41.2 23.3 17.9  37,824  21,365     -12  
1897               1,487,686 26.8 18.3  8.4  39,812  27,267      -1  
1898               1,530,411 24.7 16.4  8.3  37,802  25,073       1  
1899               1,585,543 24.4 17.1  7.3  38,711  27,115     -10  
1900               1,631,313 21.3 19.5  1.8  34,812  31,807     -16  
1901               1,684,298 23.5 18.7  4.8  39,529  31,486     -18  
1902               1,730,833 33.0 19.8 13.3  57,167  34,195     -20  
1903               1,772,842 26.4 14.7 11.7  46,840  26,149     -30  
1904   1,774,800   1,761,202 20.2 11.7  8.5  35,584  20,573     -43  
1905   1,794,700   1,909,786 26.3 14.1 12.1  50,171  26,995     -49  
1906   1,796,500   1,821,347 25.5 14.0 11.5  46,404  25,524    -120  
1907   1,828,700   1,865,459 27.9 15.0 12.9  52,037  28,040     -53  
1908   1,865,000   1,914,154 28.0 16.6 11.4  53,619  31,777     413  
1909   1,900,200   1,950,334 33.3 16.1 17.2  64,980  31,496     539  
1910   2,034,200   1,996,425 36.6 21.8 14.8  73,159  43,572     161  
1911   2,069,000   2,015,062 30.7 17.6 13.1  61,792  35,478     433  
1912   2,093,200   2,062,531 39.9 22.6 17.3  82,395  46,667     465 *
1913   2,116,000   2,093,200 38.3 21.4 17.0  80,268  44,748     281  
1914   2,134,000   2,116,000 31.1 16.3 14.7  65,703  34,503     479  
1915   2,169,600   2,123,936                                     51  
1916   2,199,300                                                     
1917   1,999,413                                                     

***************************************************************************************

Харьковская

год       ЦСК             УГВИ                 чр      чс    мигр  
==== =========== ========================================== =======
1881                                         99,739  64,134          
1882               2,071,837 48.4 31.0 17.4 100,230  64,226          
1883               2,160,263 51.4 36.9 14.5 111,022  79,643          
1884               2,224,700 49.4 27.9 21.5 110,001  62,092          
1885               2,199,154 51.3 33.0 18.3 112,773  72,531          
1886               2,230,111 47.3 35.0 12.4 105,551  77,995          
1887                                        106,998  84,861          
1888               2,322,039 53.2 32.6 20.6 123,618  75,772          
1889               2,366,587 52.2 37.5 14.8 123,599  88,684          
1890               2,410,384 49.3 38.6 10.6 118,718  93,117          
1891               2,465,668 46.5 37.3  9.2 114,682  91,992          
1892               2,537,339 44.8 36.9  7.9 113,676  93,623          
1893               2,552,609 49.3 26.9 22.4 125,849  68,691          
1894               2,563,679 48.7 30.7 18.0 124,746  78,706          
1895               2,594,840 52.2 35.5 16.7 135,444  92,121          
1896               2,678,159 52.0 31.5 20.4 139,176  84,436  -6,772  
1897               2,610,378 53.1 30.0 23.1 138,735  78,306  -1,347  
1898               2,665,605 49.4 31.1 18.2 131,635  82,990  -2,898  
1899               2,726,175 52.0 29.2 22.8 141,752  79,537  -6,195  
1900               2,782,671 49.3 29.4 19.9 137,164  81,692 -10,165  
1901               2,813,040 47.0 28.1 18.9 132,166  79,105  -1,592  
1902               2,827,618 45.3 29.2 16.1 128,210  82,631  -2,549  
1903               2,831,038 46.2 27.6 18.5 130,661  78,245  -4,855  
1904   2,864,800   2,884,359 48.7 27.7 21.1 140,571  79,850  -2,812  
1905   2,919,700   2,907,277 43.1 29.7 13.4 125,191  86,314  -1,859  
1906   2,983,900   2,956,555 49.1 28.7 20.4 145,142  84,837  -8,546  
1907   3,050,000   3,049,844 47.1 27.2 19.9 143,597  83,039 -20,871  
1908   3,118,700   3,146,374 43.1 24.4 18.7 135,698  76,873 -30,779  
1909   3,180,800   3,160,667 44.1 27.7 16.4 139,450  87,498 -27,038  
1910   3,245,900   3,209,230 42.8 30.2 12.6 137,405  96,836 -20,862  
1911   3,288,500   3,197,936 45.5 23.8 21.7 145,628  76,267  -6,288  
1912   3,329,700   3,322,177 45.3 22.1 23.2 150,506  73,311  -4,663  
1913   3,367,700   3,358,563 45.1 25.6 19.6 151,615  85,852  -8,823  
1914   3,416,800   3,510,573 43.1 22.5 20.6 151,203  79,007 -14,962  
1915   3,452,000   3,535,672                                   -996  
1916   3,485,500                                                     
1917   3,391,887                                                     

***************************************************************************************

Херсонская

год       ЦСК             УГВИ                 чр      чс    мигр  
==== =========== ========================================== =======
1881                                         84,101  44,425          
1882               1,684,234 63.0 48.0 15.0 106,066  80,815          
1883               1,865,164 55.3 40.6 14.6 103,099  75,796          
1884               1,902,169 54.7 33.5 21.2 104,114  63,712          
1885               1,880,581 56.4 36.3 20.1 105,994  68,250          
1886               1,956,072 46.1 29.1 17.0  90,168  56,911          
1887                                         90,146  55,372          
1888               1,763,374 57.4 32.8 24.5 101,170  57,900          
1889               1,792,163 58.9 31.0 27.9 105,593  55,631          
1890               1,809,419 53.9 33.3 20.6  97,498  60,257          
1891               1,849,664 58.1 32.9 25.2 107,428  60,764          
1892               1,859,034 54.8 34.7 20.1 101,875  64,568          
1893               1,896,341 53.7 29.4 24.3 101,858  55,832          
1894               1,942,367 57.1 32.3 24.8 110,930  62,694          
1895               1,990,603 54.8 30.8 24.0 109,047  61,309          
1896               2,038,325 57.6 27.4 30.1 117,306  55,921  -2,776  
1897               2,231,797 50.8 24.9 25.9 113,453  55,626     -45  
1898               2,289,120 50.9 40.9 10.0 116,575  93,696     772  
1899               2,340,599 51.8 27.2 24.6 121,212  63,696  -1,670  
1900               2,394,247 47.1 23.6 23.5 112,861  56,533  -3,014  
1901               2,450,575 123.7 25.0 98.7 303,114  61,307  -1,761  
1902               2,492,382 49.7 25.2 24.4 123,837  62,903  -1,832  
1903               2,505,158 47.1 24.4 22.7 118,054  61,180  -3,491  
1904               2,557,758 47.3 25.4 21.9 121,055  64,920  -5,876  
1905               2,614,632 41.6 29.1 12.5 108,698  76,007  -5,332  
1906               2,670,767 42.1 27.1 14.9 112,317  72,470 -10,573  
1907               2,703,458 47.6 24.0 23.6 128,737  64,936  -4,131  
1908               2,743,319 42.4 23.8 18.5 116,240  65,419 -13,519  
1909               2,819,741 42.8 25.6 17.2 120,801  72,266 -20,901  
1910               2,854,194 42.4 32.6  9.8 121,002  93,073 -18,465  
1911               2,902,729 44.8 24.4 20.4 130,055  70,905  -3,739  
1912               2,930,667 44.5 20.6 23.9 130,344  60,257  -8,061  
1913               2,989,817 42.4 24.5 17.9 126,623  73,117 -20,174  
1914               3,059,904 41.9 22.5 19.4 128,170  68,866 -20,661  
1915               3,114,410                                 -1,938  

***************************************************************************************

Холмская

год       ЦСК             УГВИ                 чр      чс    мигр  
==== =========== ========================================== =======
1913   1,068,000                             26,979  15,258     -13  
1914   1,087,800     987,368                                   -537  
1915   1,087,800   1,087,800                                    -58  
1916   1,087,800                                                -65  
1917   1,090,639                                                  0  

***************************************************************************************

Черниговская

год       ЦСК             УГВИ                 чр      чс    мигр  
==== =========== ========================================== =======
1881                                         84,393  56,774          
1882               1,875,855 50.3 37.5 12.9  94,429  70,260          
1883               1,970,094 49.1 34.7 14.4  96,811  68,347          
1884               1,996,248 49.1 33.2 15.8  97,921  66,353          
1885               2,030,126 49.7 32.8 17.0 100,917  66,500          
1886               2,064,543 48.9 31.1 17.8 101,059  64,256          
1887                                        103,038  68,107          
1888               2,109,983 51.9 30.8 21.1 109,530  64,974          
1889               2,174,352 49.4 31.8 17.6 107,326  69,142          
1890               2,202,261 47.8 35.1 12.7 105,242  77,254          
1891               2,244,377 48.5 34.4 14.1 108,812  77,233          
1892               2,248,716 47.2 32.3 14.9 106,037  72,592          
1893               2,299,870 48.4 27.6 20.8 111,270  63,511          
1894               2,335,845 46.2 29.4 16.9 107,950  68,578          
1895               2,354,023 47.6 30.8 16.8 112,080  72,617          
1896               2,381,697 47.8 29.3 18.5 113,847  69,759 -32,813  
1897               2,322,007 47.7 30.7 17.0 110,683  71,275  -7,316  
1898               2,358,285 46.7 29.4 17.3 110,235  69,358  -5,649  
1899               2,411,989 47.3 30.0 17.4 114,109  72,242  -7,167  
1900               2,453,738 48.4 27.0 21.4 118,805  66,314 -12,025  
1901               2,491,714 45.4 27.6 17.7 113,062  68,865  -9,007  
1902               2,526,388 46.0 25.4 20.6 116,175  64,152  -6,635  
1903               2,568,673 45.2 25.6 19.6 116,134  65,836  -6,403  
1904   2,644,600   2,619,390 45.3 26.3 19.0 118,654  68,873  -4,011  
1905   2,693,800   2,662,587 42.2 27.6 14.6 112,441  73,501  -6,039  
1906   2,746,300   2,701,731 43.8 25.8 18.0 118,330  69,663 -15,019  
1907   2,794,100   2,699,959 44.1 24.0 20.1 119,084  64,873 -50,988  
1908   2,858,100   2,736,403 40.6 22.2 18.5 111,163  60,656 -48,068  
1909   2,917,000   2,757,746 39.7 23.7 16.1 109,559  65,231 -28,593  
1910   2,975,500   2,790,515 39.1 26.5 12.6 108,989  73,902 -13,189  
1911   3,031,100   2,816,110 40.6 21.5 19.1 114,274  60,490  -5,432  
1912   3,083,500   2,836,931 41.0 21.1 19.9 116,411  59,972  -4,505  
1913   3,108,800   2,898,787 39.3 21.8 17.5 114,021  63,274  -7,431  
1914   3,131,500   2,956,227 38.7 22.1 16.6 114,546  65,334  -9,942  
1915   3,148,900   2,964,138                                   -858  
1916   3,165,700                                                     
1917   3,082,596                                                     

***************************************************************************************

Черноморская

год       ЦСК             УГВИ                 чр      чс    мигр  
==== =========== ========================================== =======
1888                                            916     739          
1889                  23,943                                         
1897                                          2,001   1,380     -19  
1898                  62,283 36.8 26.7 10.1   2,295   1,664     102  
1899                  67,552 37.6 17.6 20.0   2,538   1,187      61  
1900                  72,993 34.0 18.0 16.0   2,480   1,313      59  
1901                  79,700 45.4 17.9 27.4   3,616   1,429      77  
1902                  82,539 39.4 20.5 18.9   3,253   1,689      70  
1903                  78,720 46.4 26.1 20.3   3,653   2,053      57  
1904      67,900      93,864 41.5 21.3 20.2   3,893   1,998      59  
1905      70,000     101,372 36.6 18.2 18.5   3,714   1,841     -46  
1906      71,900     111,667 34.1 16.5 17.6   3,810   1,840    -258  
1907      74,400     112,487 36.9 18.2 18.6   4,149   2,052      49  
1908      78,100     117,427 35.4 17.8 17.7   4,158   2,085     -95  
1909     120,900     120,129 36.0 22.9 13.1   4,325   2,753       7  
1910     126,200     120,615 40.7 22.4 18.3   4,904   2,700      47  
1911     135,000     134,517 37.3 19.4 17.9   5,019   2,609      62  
1912     136,200     149,130 37.1 19.2 18.0   5,536   2,859      64  
1913     139,600     167,814 33.3 16.8 16.5   5,595   2,819      92  
1914     152,700     179,796 30.7 14.8 16.0   5,528   2,658      97  
1915     201,800     194,470                                    -17  
1916     215,100                                                     
1917      77,032                                                     

***************************************************************************************

Эриванская

год       ЦСК             УГВИ                 чр      чс    мигр  
==== =========== ========================================== =======
1886                                         23,607  13,598          
1887                                         21,008  10,981          
1888                 677,491                                         
1889                 677,491 34.4 24.6  9.8  23,338  16,693          
1890                 677,491 33.5 20.0 13.5  22,717  13,537          
1891                 686,671 31.6 19.4 12.2  21,700  13,300          
1892                 690,528 34.4 31.2  3.2  23,725  21,534          
1893                 690,528 44.7 25.7 19.0  30,837  17,741          
1894                 716,607 41.0 24.7 16.4  29,392  17,671          
1895                 728,328 40.7 22.3 18.3  29,619  16,257          
1896                 741,690 39.5 20.0 19.6  29,298  14,797      18  
1897                 789,191 37.2 18.8 18.3  29,328  14,863      32  
1898                 808,089 40.0 23.3 16.7  32,305  18,845      43  
1899                 829,222 37.6 25.1 12.5  31,184  20,830      12  
1900                 843,036 34.5 22.2 12.3  29,113  18,742      11  
1901                 853,407 34.1 19.0 15.1  29,099  16,241      20  
1902                 866,265 36.6 20.6 16.0  31,693  17,841      22  
1903                 804,757 33.1 18.0 15.1  26,614  14,471      11  
1904     892,700     816,900 34.7 23.7 11.0  28,369  19,365     -24  
1905     901,900     833,940 34.7 26.0  8.7  28,909  21,653    -101  
1906     909,100     838,075 36.0 24.4 11.6  30,212  20,476    -291  
1907     918,800     845,331 43.3 25.9 17.4  36,595  21,862    -155  
1908     931,000     855,067 42.7 27.9 14.8  36,482  23,862     -31  
1909     943,700     869,800 38.3 24.9 13.4  33,286  21,646     -29  
1910     957,100     882,420 38.1 25.3 12.8  33,636  22,351     -74  
1911     971,200     894,060 37.9 23.1 14.8  33,898  20,624    -139  
1912     986,600     905,345 41.3 21.5 19.8  37,418  19,459    -473  
1913   1,002,200     918,619 39.1 20.4 18.7  35,956  18,769    -698  
1914   1,018,300     918,619 39.4 21.3 18.2  36,231  19,553    -290  
1915   1,034,800     935,806                                    198  
1916   1,051,300                                                     
1917   1,117,481                                                     

***************************************************************************************

Эстляндская

год       ЦСК             УГВИ                 чр      чс    мигр  
==== =========== ========================================== =======
1881                                         11,265   8,190          
1882                 367,254 31.5 24.1  7.4  11,558   8,855          
1883                 379,875 30.4 22.9  7.4  11,535   8,717          
1884                 376,337 31.1 22.5  8.6  11,704   8,453          
1885                 381,858 30.1 24.9  5.2  11,489   9,513          
1886                 383,834 30.4 22.0  8.4  11,672   8,438          
1887                                         11,838   8,161          
1888                 392,738 30.1 23.4  6.6  11,809   9,200          
1889                 396,785 30.0 21.2  8.8  11,908   8,416          
1890                 400,084 29.7 18.1 11.5  11,872   7,255          
1891                 404,709 29.6 20.1  9.5  11,983   8,122          
1892                 408,563 28.9 19.7  9.2  11,801   8,059          
1893                 412,304 27.5 18.9  8.6  11,344   7,787          
1894                 415,661 27.3 21.7  5.6  11,336   9,022          
1895                 417,975 28.5 20.8  7.7  11,922   8,694          
1896                 421,431 29.0 19.5  9.5  12,227   8,218     168  
1897                 413,724 28.9 19.6  9.3  11,937   8,103     256  
1898                 417,264 29.7 18.5 11.2  12,407   7,736     213  
1899                 422,229 29.7 18.9 10.8  12,543   7,999     359  
1900                 426,781 29.3 19.3 10.0  12,488   8,229     249  
1901                 431,042 29.5 19.6  9.9  12,703   8,428     262  
1902                 435,317 30.1 17.7 12.4  13,101   7,724      68  
1903                 440,694 28.8 18.2 10.7  12,704   8,004      68  
1904     445,100     445,394 28.6 18.6 10.0  12,749   8,279      92  
1905     449,400     445,394 26.9 21.8  5.2  11,987   9,693      15  
1906     451,700     452,158 27.5 19.5  8.0  12,417   8,814     -95  
1907     455,200     456,123 26.9 19.1  7.7  12,255   8,730    -403  
1908     459,700     456,123 26.0 19.2  6.8  11,861   8,780  -1,441  
1909     463,600     459,697 26.0 18.0  8.0  11,970   8,297    -407  
1910     467,400     463,072 25.6 17.7  7.9  11,840   8,204    -477  
1911     471,400     466,745 25.2 19.2  5.9  11,749   8,976     -69  
1912     479,700     470,734 25.3 17.9  7.4  11,900   8,431     121  
1913     492,000     473,507 24.6 19.2  5.4  11,653   9,089     119  
1914     507,200     492,000 24.0 18.7  5.4  11,823   9,188     -41  
1915     512,500     535,727                                    -75  
1916     516,700                                                     
1917   1,138,428                                                     

***************************************************************************************

Якутская обл.

год       ЦСК             УГВИ                 чр      чс    мигр  
==== =========== ========================================== =======
1881                                          6,298   3,944          
1882                 247,174                                         
1883                 247,174 24.5 20.8  3.7   6,065   5,139          
1884                 250,471 24.8 18.3  6.6   6,218   4,572          
1885                 250,243 27.8 22.1  5.7   6,952   5,531          
1886                 251,896 26.0 19.0  7.0   6,549   4,774          
1887                                          6,711   5,109          
1888                 255,671 24.4 22.2  2.2   6,239   5,678          
1889                 256,488 30.5 33.6 -3.1   7,823   8,613          
1890                 254,494 32.2 20.1 12.1   8,202   5,111          
1891                 257,753 31.3 18.8 12.5   8,064   4,839          
1892                 261,142 36.5 19.9 16.6   9,536   5,189          
1893                 263,743 36.6 19.0 17.6   9,652   5,003          
1894                 272,875 33.2 18.6 14.6   9,053   5,070          
1895                 271,980 33.8 27.3  6.6   9,205   7,415          
1896                 266,478 41.4 24.5 16.9  11,035   6,520       0  
1897                 273,954 41.2 23.5 17.6  11,277   6,451       2  
1898                 276,353 38.2 21.0 17.2  10,547   5,790       0  
1899                 280,813 38.6 25.8 12.8  10,850   7,252      -9  
1900                 284,615 37.2 28.1  9.1  10,593   7,998     -25  
1901                 288,282 45.8 31.0 14.8  13,200   8,935      58  
1902                 291,708 42.1 22.8 19.3  12,270   6,638     -11  
1903                 265,719 43.2 34.2  9.0  11,480   9,097      13  
1904     292,900     271,651 33.0 24.2  8.8   8,957   6,565     -19  
1905     295,900     258,516 45.4 27.7 17.7  11,742   7,154     -14  
1906     300,600     261,460 41.4 28.3 13.1  10,814   7,397     -20  
1907     303,700     265,982 32.9 23.0  9.9   8,739   6,116     -15  
1908     308,300     269,449 39.1 28.2 10.9  10,528   7,595      -5  
1909     309,900     269,305 41.5 29.8 11.7  11,183   8,020       4  
1910     315,600     270,370 40.5 30.6  9.9  10,941   8,264     -17  
1911     322,600     269,240 41.8 30.3 11.5  11,248   8,160      -6  
1912     325,600     257,738 41.4 29.2 12.2  10,665   7,519      -7  
1913     327,700     257,471 26.2 20.9  5.3   6,737   5,375      -3  
1914     330,000     280,551 36.0 25.1 10.9  10,095   7,047      -9  
1915     332,600     270,113                                     -2  
1916     335,000                                                     
1917     328,325                                                     

***************************************************************************************

Ярославская

год       ЦСК             УГВИ                 чр      чс    мигр  
==== =========== ========================================== =======
1881                                         42,661  31,085          
1882               1,047,183 40.9 36.5  4.5  42,877  38,213          
1883               1,082,782 40.5 30.6  9.9  43,862  33,154          
1884               1,095,636 41.7 32.6  9.1  45,643  35,727          
1885               1,086,372 38.5 40.1 -1.6  41,809  43,554          
1886               1,118,129 40.4 30.5  9.9  45,189  34,095          
1887                                         44,760  32,972          
1888               1,126,891 41.2 28.1 13.1  46,434  31,671          
1889               1,149,452 36.0 35.8  0.2  41,377  41,149          
1890               1,193,064 37.1 32.7  4.4  44,232  39,027          
1891               1,198,269 39.6 28.0 11.6  47,413  33,522          
1892               1,212,216 36.5 28.5  8.0  44,192  34,549          
1893               1,210,028 38.4 28.2 10.3  46,517  34,111          
1894               1,205,163 38.4 28.7  9.7  46,272  34,640          
1895               1,160,626 39.5 33.8  5.6  45,809  39,259          
1896               1,191,644 39.2 31.2  7.9  46,695  37,232       9  
1897               1,193,593 39.2 31.1  8.2  46,846  37,108      26  
1898               1,211,469 39.0 32.1  6.9  47,300  38,900      19  
1899               1,236,763 41.7 23.7 17.9  51,525  29,348      17  
1900               1,259,374 34.0 27.1  6.9  42,832  34,098       2  
1901               1,278,549 36.8 33.9  2.9  47,018  43,317      14  
1902               1,298,150 45.5 31.0 14.4  59,034  40,290      -8  
1903               1,235,925 38.9 32.0  7.0  48,086  39,488      -6  
1904   1,147,700   1,345,471 38.6 24.5 14.1  51,930  32,900     -20  
1905   1,166,800   1,258,297 36.0 28.7  7.3  45,266  36,078     -37  
1906   1,175,900   1,235,926 41.1 32.8  8.3  50,781  40,574     -49  
1907   1,185,500   1,240,639 42.3 28.0 14.2  52,452  34,782     -21  
1908   1,198,100   1,261,582 37.2 27.0 10.2  46,962  34,082      12  
1909   1,208,100   1,353,088 35.3 26.9  8.5  47,824  36,351      12  
1910   1,218,300   1,315,916 37.9 30.0  7.8  49,825  39,497     -50  
1911   1,228,900   1,359,165 39.6 24.9 14.7  53,805  33,840       0  
1912   1,239,300   1,383,498 35.8 25.1 10.7  49,543  34,775      -8  
1913   1,250,000   1,437,029 35.5 26.4  9.0  50,990  37,988      -8  
1914   1,297,700   1,425,685 37.6 24.3 13.3  53,579  34,687     -26  
1915   1,416,700   1,387,387                                    -11  
1916   1,464,800                                                     
1917   1,200,743                                                     

***************************************************************************************

г. Баку

год       ЦСК             УГВИ                 чр      чс    мигр  
==== =========== ========================================== =======
1908                                          8,632   5,398       0  
1909                 334,829 25.1 16.9  8.2   8,395   5,659       0  
1910                 328,087 27.2 17.5  9.8   8,937   5,729       0  
1911                 333,173 28.0 17.5 10.4   9,314   5,839       0  
1912                 357,190 27.9 17.6 10.3   9,971   6,288       0  
1913                 380,968 29.9 13.2 16.7  11,382   5,024       0  
1914                 383,726 29.2 21.0  8.2  11,194   8,058       0  
1915                 392,638                                      0  

***************************************************************************************

г. Варшава

год       ЦСК             УГВИ                 чр      чс    мигр  
==== =========== ========================================== =======
1881                                         13,044  11,483          
1882                 406,261 32.1 28.3  3.8  13,044  11,483          
1883                 406,261 36.2 28.1  8.1  14,695  11,409          
1884                 391,491 36.8 28.8  8.0  14,399  11,277          
1885                 406,365                                         
1886                                         16,979  12,035          
1887                                         17,523  12,730          
1888                 449,174 39.1 24.6 14.5  17,569  11,042          
1889                 444,814 49.7 29.3 20.4  22,125  13,049          
1890                 445,770 46.6 29.8 16.8  20,777  13,302          
1891                 455,852 42.6 25.9 16.6  19,401  11,824          
1892                 465,272 47.5 32.3 15.1  22,079  15,047          
1893                 498,448 44.2 26.2 18.0  22,010  13,041          
1894                 501,021 47.9 27.2 20.7  24,004  13,630          
1895                 526,028 44.1 25.2 18.9  23,200  13,259          
1896                 545,006 42.0 25.7 16.3  22,908  14,002       0  
1897                 604,610 38.0 22.3 15.6  22,949  13,489       0  
1898                 647,942 37.0 23.8 13.1  23,955  15,450       0  
1899                 660,174 36.9 23.0 13.9  24,368  15,191       0  
1900                 665,025 36.4 24.8 11.6  24,227  16,525       0  
1901                 672,172 39.0 24.8 14.2  26,204  16,657       0  
1902                 721,532 35.9 19.7 16.2  25,873  14,190       0  
1903                 756,426 33.4 23.8  9.5  25,231  18,014       0  
1904                 756,426 37.6 23.0 14.6  28,458  17,426       0  
1905                 771,382 32.0 21.5 10.4  24,660  16,610       0  
1906                 767,897 32.8 22.4 10.5  25,225  17,174       0  
1907                 746,513 28.4 21.0  7.4  21,209  15,697       0  
1908                 764,611 30.4 20.7  9.7  23,251  15,817       0  
1909                 761,595 32.0 21.9 10.2  24,385  16,645       0  
1910                 764,054 29.9 21.3  8.6  22,826  16,289       0  
1911                 781,179 28.1 21.4  6.6  21,929  16,748       0  
1912                 797,093 27.3 19.5  7.8  21,732  15,522       0  
1913                 821,369 27.8 20.2  7.7  22,860  16,562       0  
1914                 845,130                                      0  

***************************************************************************************

г. Москва

год       ЦСК             УГВИ                 чр      чс    мигр  
==== =========== ========================================== =======
1881                                         26,224  24,577          
1882                 750,867 42.8 39.0  3.8  32,145  29,315          
1883                 754,163                                         
1886                                         30,872  28,643          
1887                                         32,330  25,650          
1888                 753,469 44.5 36.8  7.8  33,557  27,696          
1889                 779,410 42.4 38.3  4.1  33,039  29,865          
1890                 798,742 41.8 38.1  3.7  33,362  30,393          
1891                 822,397 38.1 33.9  4.2  31,355  27,915          
1892                 839,339 33.3 33.2  0.1  27,941  27,875          
1893                 840,000 33.7 32.2  1.5  28,305  27,061          
1894                 945,763 30.7 27.2  3.5  29,040  25,751          
1895                 979,101 30.9 27.5  3.4  30,220  26,884          
1896                 982,321 33.0 29.8  3.3  32,462  29,228       0  
1897                 988,610 33.3 28.7  4.6  32,953  28,379       0  
1898               1,042,833 32.6 28.4  4.2  33,970  29,624       0  
1899               1,104,517 31.6 25.4  6.2  34,888  28,029       0  
1900               1,146,927 31.0 27.0  4.0  35,563  30,948       0  
1901               1,162,630 31.2 25.3  5.9  36,241  29,368       0  
1902               1,165,271 32.4 24.8  7.5  37,707  28,938       0  
1903               1,167,671 32.8 26.5  6.3  38,315  30,938       0  
1904               1,179,250 34.0 26.3  7.7  40,097  31,029       0  
1905               1,240,929 32.5 25.8  6.7  40,320  32,046       0  
1906               1,275,288 34.3 26.2  8.1  43,743  33,459       0  
1907               1,334,104 33.4 28.3  5.1  44,529  37,695       0  
1908               1,359,886 37.3 29.1  8.1  50,662  39,622       0  
1909               1,430,600 36.5 30.0  6.5  52,280  42,956       0  
1910               1,452,100 37.1 27.7  9.4  53,812  40,153       0  
1911               1,493,600 36.2 28.0  8.2  54,097  41,857       0  
1912               1,534,700 35.7 26.0  9.7  54,831  39,881       0  
1913               1,617,157 33.8 25.9  7.9  54,649  41,940       0  
1914               1,674,847 32.5 25.2  7.3  54,373  42,198       0  
1915               1,723,400                                      0  

***************************************************************************************

г. Николаев

год       ЦСК             УГВИ                 чр      чс    мигр  
==== =========== ========================================== =======
1886                                          2,825   3,030          
1887                                          3,261   2,780          
1888                  80,000 39.7 30.9  8.8   3,178   2,473          
1889                  73,694 44.0 29.7 14.4   3,246   2,188          
1890                  75,840                                         
1891                                          3,224   2,627          
1892                  77,211 41.2 49.1 -7.9   3,180   3,791          
1893                  76,098 42.4 29.1 13.3   3,227   2,217          
1894                  77,262 43.5 30.0 13.5   3,358   2,318          
1895                  78,157 44.6 30.1 14.5   3,486   2,355          
1896                  78,483 44.8 33.6 11.3   3,518   2,635       0  
1897                  71,060 53.1 36.9 16.1   3,772   2,625       0  
1898                  80,919 48.5 35.4 13.1   3,926   2,862       0  
1899                  82,015 51.5 34.6 16.9   4,225   2,839       0  
1900                  84,338 48.4 32.0 16.4   4,081   2,700       0  
1901                  85,383 45.1 30.9 14.3   3,852   2,635       0  
1902                  97,926 152.7 94.9 57.8  14,958   9,298       0  
1903                 474,346  8.1  5.4  2.6   3,830   2,581       0  
1904                  99,002 42.8 23.6 19.1   4,233   2,340       0  
1905                 100,895 39.7 27.6 12.1   4,001   2,783       0  
1906                  96,106 41.1 24.8 16.3   3,948   2,385       0  
1907                 100,598 42.6 29.3 13.4   4,288   2,943       0  
1908                 101,458 38.2 28.0 10.2   3,877   2,839       0  
1909                 102,036 39.8 27.0 12.7   4,059   2,759       0  
1910                 103,491 39.3 24.0 15.3   4,065   2,480       0  
1911                 104,586 39.0 22.3 16.6   4,076   2,335       0  
1912                 105,990 38.7 20.3 18.4   4,104   2,149       0  
1913                 109,592 42.0 30.2 11.8   4,600   3,310       0  
1914                 111,047 42.5 29.6 12.9   4,716   3,289       0  
1915                 117,579                                      0  

***************************************************************************************

г. Одесса

год       ЦСК             УГВИ                 чр      чс    мигр  
==== =========== ========================================== =======
1886                                         13,000   8,002          
1887                                         10,331   7,270          
1888                 284,220 36.9 26.2 10.7  10,500   7,459          
1889                 274,209 40.7 28.3 12.4  11,152   7,761          
1890                 284,985                                         
1891                                         11,381   8,205          
1892                 300,000 36.0 28.1  7.9  10,796   8,416          
1893                 328,014 34.9 26.9  8.0  11,435   8,824          
1894                 343,630 34.1 22.1 12.0  11,714   7,581          
1895                 329,377 36.2 25.1 11.2  11,937   8,253          
1896                 357,365 33.9 26.9  7.0  12,114   9,616       0  
1897                 404,651 32.0 21.1 10.9  12,932   8,531       0  
1898                 409,104 34.2 21.9 12.3  13,976   8,961       0  
1899                 431,117 33.6 21.1 12.6  14,502   9,079       0  
1900                 450,602 32.9 21.8 11.2  14,841   9,805       0  
1901                 459,673 31.1 20.7 10.3  14,281   9,537       0  
1902                 471,796  8.1  4.8  3.3   3,820   2,264       0  
1903                  97,753 155.1 101.2 53.9  15,165   9,895       0  
1904                 477,432 32.2 21.8 10.5  15,394  10,404       0  
1905                 473,418 27.3 25.0  2.2  12,917  11,856       0  
1906                 475,779 29.2 20.3  9.0  13,904   9,637       0  
1907                 454,403 32.4 22.3 10.1  14,719  10,150       0  
1908                 478,556 30.0 21.9  8.2  14,375  10,469       0  
1909                 519,140 28.0 21.9  6.2  14,557  11,358       0  
1910                 551,231 26.0 19.1  6.9  14,336  10,555       0  
1911                 551,231 23.9 17.3  6.6  13,179   9,516       0  
1912                 555,000 26.6 16.9  9.7  14,780   9,404       0  
1913                 575,000 24.8 17.8  7.0  14,255  10,248       0  
1914                 655,885 21.0 14.9  6.2  13,783   9,742       0  
1915                 655,246                                      0  

***************************************************************************************

г. Санкт-Петербург

год       ЦСК             УГВИ                 чр      чс    мигр  
==== =========== ========================================== =======
1881                                         26,312  32,956          
1882                 861,920 32.0 35.8 -3.8  27,542  30,820          
1883                 861,303                                         
1886                                         27,820  25,902          
1887                                         28,237  23,613          
1888                 861,303 31.6 30.2  1.4  27,199  26,033          
1889                 867,607 33.0 32.0  1.0  28,643  27,786          
1890               1,063,679 29.1 24.9  4.2  30,970  26,499          
1891               1,035,439 30.2 26.6  3.5  31,223  27,592          
1892               1,035,439 29.2 24.3  4.9  30,276  25,191          
1893               1,035,529 29.1 24.5  4.6  30,156  25,405          
1894                 956,226 33.3 32.5  0.8  31,826  31,081          
1895                 938,113 33.5 29.6  3.9  31,404  27,789          
1896                 956,226 38.5 35.0  3.5  36,832  33,457       0  
1897               1,167,023 29.1 23.8  5.3  33,977  27,738       0  
1898               1,172,783 29.2 29.1  0.1  34,273  34,176       0  
1899               1,193,825 29.2 23.9  5.3  34,807  28,532       0  
1900               1,201,484 30.0 25.2  4.7  36,007  30,316       0  
1901               1,248,643 29.3 28.9  0.4  36,567  36,123       0  
1902               1,268,374 30.6 22.6  8.0  38,774  28,674       0  
1903               1,313,911 29.8 24.2  5.6  39,159  31,789       0  
1904               1,336,272 30.8 24.1  6.6  41,120  32,249       0  
1905               1,354,200 30.5 26.0  4.5  41,357  35,205       0  
1906               1,391,000 31.0 26.3  4.7  43,145  36,564       0  
1907               1,424,700 32.2 26.1  6.1  45,886  37,213       0  
1908               1,483,000 29.8 29.9 -0.1  44,133  44,309       0  
1909               1,527,500 29.9 25.7  4.2  45,681  39,254       0  
1910               1,585,000 27.8 24.0  3.9  44,085  37,968       0  
1911               1,599,139 28.3 21.0  7.3  45,195  33,600       0  
1912               1,620,500 27.4 22.5  4.9  44,445  36,522       0  
1913               1,663,999 26.7 21.7  5.0  44,403  36,076       0  
1914               1,708,600 25.0 22.2  2.7  42,634  37,940       0  
1915               1,774,300                                      0  

***************************************************************************************

г. Севастополь

год       ЦСК             УГВИ                 чр      чс    мигр  
==== =========== ========================================== =======
1886                  36,492                                         
1902                                          2,536   1,602       0  
1903                  63,496 38.4 22.1 16.3   2,441   1,406       0  
1904                  67,752 40.6 23.1 17.5   2,749   1,562       0  
1905                  73,663 33.7 21.2 12.5   2,486   1,564       0  
1906                  63,590 38.6 19.2 19.5   2,457   1,218       0  
1907                  63,237 33.4 17.9 15.5   2,111   1,131       0  
1908                  61,211 36.4 21.9 14.5   2,228   1,341       0  
1909                  76,439 30.1 17.3 12.8   2,302   1,321       0  
1910                  76,591 37.6 20.7 16.9   2,880   1,583       0  
1911                  87,186 30.6 17.7 12.9   2,665   1,544       0  
1912                  88,473 32.2 17.8 14.4   2,846   1,576       0  
1913                  70,927 38.7 25.0 13.7   2,748   1,773       0  
1914                  72,711 33.8 18.6 15.2   2,456   1,350       0  
1915                  87,500                                      0  
